Team,Rk,Date,Opp,W/L,Team_Score,Opp_Score,Advanced_ORtg,Advanced_DRtg,Advanced_Pace,Advanced_FTr,Advanced_3PAr,Advanced_TS%,Advanced_TRB%,Advanced_AST%,Advanced_STL%,Advanced_BLK%,Offensive Four Factors_eFG%,Offensive Four Factors_TOV%,Offensive Four Factors_ORB%,Offensive Four Factors_FT/FGA,Defensive Four Factors_eFG%,Defensive Four Factors_TOV%,Defensive Four Factors_DRB%,Defensive Four Factors_FT/FGA
ATL,1,2024-05-15,LAS,W,92,81,114.0,100.4,80.7,.284,.254,.610,49.3,58.8,9.9,22.0,.567,14.7,20.6,.239,.472,11.9,77.1,.181
ATL,2,2024-05-18,PHO,L,85,88,103.6,107.3,82.0,.409,.348,.546,46.5,77.8,9.8,11.6,.485,14.3,18.4,.318,.455,13.0,78.8,.424
ATL,3,2024-05-21,DAL,W,83,78,107.0,100.5,77.6,.306,.306,.508,50.7,56.7,11.6,5.6,.465,12.8,35.1,.222,.443,15.1,67.6,.229
ATL,4,2024-05-26,MIN,L,79,92,107.0,124.6,73.8,.206,.324,.533,50.8,74.2,12.2,3.0,.500,11.9,27.8,.162,.605,12.2,81.5,.274
ATL,5,2024-05-29,WAS,W,73,67,92.0,84.4,79.4,.339,.339,.512,53.7,73.1,11.3,4.3,.468,19.3,18.5,.242,.405,14.4,77.5,.095
ATL,6,2024-05-31,LVA,W,78,74,95.0,90.1,82.1,.475,.262,.529,52.8,77.3,6.1,8.3,.426,13.0,8.8,.426,.406,12.4,92.1,.261
ATL,7,2024-06-02,CON,L,50,69,65.7,90.7,76.1,.179,.239,.346,42.3,52.6,13.1,12.5,.306,14.2,17.4,.134,.470,17.3,78.1,.106
ATL,8,2024-06-06,NYL,L,61,78,79.6,101.8,76.6,.266,.328,.427,43.6,68.2,10.4,9.3,.367,14.4,17.5,.219,.453,14.0,71.1,.149
ATL,9,2024-06-08,CHI,W,89,80,113.5,102.0,78.4,.338,.235,.570,51.7,71.0,17.9,8.2,.500,14.3,33.3,.309,.508,22.4,74.1,.317
ATL,10,2024-06-11,WAS,L,68,87,92.3,118.1,73.7,.269,.343,.454,45.7,66.7,4.1,5.9,.418,9.6,19.5,.179,.608,13.6,82.8,.123
ATL,11,2024-06-13,IND,L,84,91,109.5,118.6,76.7,.343,.358,.545,47.7,71.4,7.8,6.5,.485,12.5,30.3,.284,.507,14.8,65.6,.250
ATL,12,2024-06-16,LAS,W,87,74,113.3,96.4,76.7,.382,.221,.548,53.5,73.3,10.4,2.3,.485,11.2,28.6,.309,.412,13.6,77.8,.265
ATL,13,2024-06-19,MIN,L,55,68,73.1,90.4,75.2,.303,.348,.368,50.5,84.2,5.3,16.7,.318,14.8,25.5,.197,.401,10.2,77.3,.092
ATL,14,2024-06-21,IND,L,79,91,99.2,114.2,79.7,.538,.277,.491,46.2,81.8,10.0,4.5,.369,12.0,18.9,.477,.654,16.7,82.1,.092
ATL,15,2024-06-23,NYL,L,75,96,93.4,119.6,80.2,.241,.152,.429,51.3,70.0,6.2,8.9,.392,10.3,31.1,.165,.586,13.5,78.8,.200
ATL,16,2024-06-28,CON,W,78,74,100.7,95.5,77.5,.386,.246,.585,55.2,64.3,15.5,15.8,.544,18.4,20.0,.281,.449,20.4,81.8,.356
ATL,17,2024-06-30,NYL,L,75,81,98.9,106.8,75.8,.217,.283,.571,56.9,55.2,2.6,6.3,.533,18.6,14.8,.183,.486,6.0,86.8,.169
ATL,18,2024-07-02,CHI,L,77,85,98.8,109.1,77.9,.235,.324,.513,52.1,90.0,7.7,3.6,.493,19.3,31.4,.147,.514,11.4,72.2,.186
ATL,19,2024-07-05,DAL,L,82,85,92.9,96.3,88.2,.311,.098,.591,52.6,67.6,9.1,12.5,.574,28.8,23.1,.197,.500,18.6,77.4,.232
ATL,20,2024-07-07,CON,L,67,80,101.2,120.8,66.2,.322,.169,.497,46.3,66.7,6.0,9.8,.441,12.9,26.5,.254,.516,8.8,66.7,.219
ATL,,,,,,,Advanced,Advanced,Advanced,Advanced,Advanced,Advanced,Advanced,Advanced,Advanced,Advanced,Offensive Four Factors,Offensive Four Factors,Offensive Four Factors,Offensive Four Factors,Defensive Four Factors,Defensive Four Factors,Defensive Four Factors,Defensive Four Factors
ATL,Rk,Date,Opp,W/L,Tm,Opp,ORtg,DRtg,Pace,FTr,3PAr,TS%,TRB%,AST%,STL%,BLK%,eFG%,TOV%,ORB%,FT/FGA,eFG%,TOV%,DRB%,FT/FGA
ATL,21,2024-07-10,CHI,L,69,78,84.2,95.2,81.9,.232,.145,.454,45.6,67.9,7.3,8.8,.420,15.5,12.5,.159,.473,11.1,79.5,.108
ATL,22,2024-07-12,LVA,L,70,84,84.5,101.4,82.8,.195,.247,.419,56.6,55.2,4.8,9.8,.390,14.3,26.7,.130,.500,10.4,92.1,.200
ATL,23,2024-07-14,SEA,L,70,81,88.4,102.3,79.2,.205,.233,.440,52.7,64.3,11.4,10.6,.404,16.7,34.2,.151,.433,11.7,72.2,.213
ATL,24,2024-07-17,MIN,L,79,86,102.2,111.3,77.2,.356,.254,.579,50.8,62.1,6.5,8.9,.534,19.0,19.2,.271,.460,7.6,71.8,.227
ATL,25,2024-08-16,SEA,W,83,81,102.3,99.9,81.1,.365,.270,.568,57.8,43.3,11.1,8.3,.524,20.6,30.0,.270,.500,15.7,82.4,.157
ATL,26,2024-08-18,CON,W,82,70,104.8,89.5,78.2,.492,.254,.535,45.9,69.2,11.5,0.0,.452,12.6,19.4,.397,.385,18.5,71.1,.308
ATL,27,2024-08-21,PHO,W,72,63,101.4,88.7,71.0,.219,.425,.450,58.8,68.0,4.2,2.4,.404,9.1,34.8,.178,.443,14.4,91.2,.148
ATL,28,2024-08-23,PHO,L,80,82,104.5,107.1,76.6,.189,.405,.499,50.0,65.5,9.1,10.2,.459,9.1,23.7,.162,.530,14.1,79.4,.182
ATL,29,2024-08-26,IND,L,79,84,98.8,105.1,79.9,.247,.397,.488,46.9,66.7,6.3,10.2,.438,11.0,23.8,.205,.474,13.6,71.8,.158
ATL,30,2024-08-28,SEA,L,81,85,99.6,104.5,81.3,.164,.288,.517,49.3,71.9,6.1,9.1,.479,14.2,17.9,.151,.486,8.1,85.3,.208
ATL,31,2024-08-30,LVA,L,72,83,99.0,114.1,72.7,.183,.408,.469,51.3,61.5,5.5,7.5,.444,10.5,24.4,.127,.522,6.2,79.5,.159
ATL,32,2024-09-01,LAS,W,80,62,114.3,88.6,70.0,.186,.243,.528,57.5,68.8,5.7,7.3,.507,10.6,35.1,.129,.395,11.4,80.6,.210
ATL,33,2024-09-03,PHO,L,66,74,87.6,98.2,75.3,.206,.368,.445,46.8,62.5,9.3,13.3,.404,14.9,21.2,.162,.473,20.4,75.9,.400
ATL,34,2024-09-06,DAL,W,107,96,125.8,112.8,75.6,.410,.321,.581,52.9,61.5,8.2,5.9,.551,8.9,37.8,.269,.549,18.2,69.7,.254
ATL,35,2024-09-08,IND,L,100,104,113.1,117.6,78.6,.191,.277,.491,50.7,48.7,9.0,11.6,.463,7.3,33.3,.138,.618,17.7,76.7,.294
ATL,36,2024-09-10,MIN,L,64,76,86.1,102.3,74.3,.271,.257,.408,50.0,57.1,10.8,6.8,.336,11.3,23.3,.243,.555,12.8,87.1,.078
ATL,37,2024-09-13,WAS,L,69,72,93.0,97.0,74.2,.342,.274,.411,55.4,66.7,16.2,7.7,.322,14.3,40.5,.301,.500,20.3,75.0,.200
ATL,38,2024-09-15,WAS,W,76,73,94.3,90.5,71.7,.379,.364,.494,57.4,61.5,16.1,3.6,.424,16.3,24.1,.303,.475,20.9,87.5,.288
ATL,39,2024-09-17,CHI,W,86,70,117.3,95.5,73.3,.484,.242,.572,54.7,63.3,12.3,9.3,.524,8.5,23.3,.339,.459,16.0,82.4,.230
ATL,40,2024-09-19,NYL,W,78,67,107.1,92.0,72.8,.258,.210,.565,55.6,71.0,11.0,4.7,.540,16.9,32.1,.177,.467,20.1,74.3,.183
CHI,1,2024-05-15,DAL,L,79,87,98.9,108.9,79.9,.365,.230,.460,46.8,48.3,11.3,4.5,.426,12.3,37.2,.216,.482,14.8,58.3,.098
CHI,2,2024-05-18,DAL,W,83,74,99.2,88.4,83.7,.250,.263,.467,51.2,78.1,17.9,27.1,.425,16.1,41.3,.188,.402,24.7,63.9,.318
CHI,3,2024-05-23,NYL,W,90,81,111.8,100.6,80.5,.267,.253,.537,52.1,62.9,6.2,4.3,.513,9.7,28.9,.173,.493,15.3,77.1,.188
CHI,4,2024-05-25,CON,L,82,86,115.9,121.6,70.7,.344,.266,.556,35.6,64.3,18.4,6.5,.500,13.0,29.0,.281,.540,19.0,42.9,.286
CHI,5,2024-05-28,SEA,L,68,77,83.5,94.6,81.4,.197,.182,.474,53.6,70.4,13.5,0.0,.439,22.6,27.8,.152,.477,20.0,81.8,.250
CHI,6,2024-05-30,LAS,W,83,73,103.5,91.0,80.2,.213,.253,.506,51.5,84.4,16.2,17.9,.473,14.6,33.3,.160,.433,19.8,75.9,.350
CHI,7,2024-06-01,IND,L,70,71,91.6,92.9,76.4,.261,.174,.455,56.6,53.6,9.2,2.3,.420,16.3,33.3,.174,.435,12.6,77.5,.159
CHI,8,2024-06-04,NYL,L,75,88,92.8,108.9,80.8,.378,.095,.434,50.0,62.5,6.2,8.7,.338,10.4,27.3,.338,.500,10.7,75.0,.128
CHI,9,2024-06-06,WAS,W,79,71,91.6,82.4,86.2,.278,.177,.445,52.6,60.0,16.2,2.1,.386,12.8,31.0,.228,.453,24.8,79.4,.203
CHI,10,2024-06-08,ATL,L,80,89,102.0,113.5,78.4,.350,.183,.578,48.3,58.6,10.2,3.8,.508,22.4,25.9,.317,.500,14.3,66.7,.309
CHI,11,2024-06-12,CON,L,75,83,100.7,111.4,74.5,.259,.224,.580,50.9,67.9,10.7,14.6,.534,20.8,28.6,.224,.476,15.9,72.4,.387
CHI,12,2024-06-14,WAS,L,81,83,99.0,101.4,81.8,.379,.197,.526,48.6,53.3,11.0,2.9,.485,15.4,23.7,.258,.500,19.5,78.1,.297
CHI,13,2024-06-16,IND,L,83,91,108.3,118.7,76.7,.173,.148,.476,45.7,60.6,10.4,4.5,.438,5.4,28.6,.148,.629,17.6,71.4,.210
CHI,14,2024-06-20,DAL,W,83,72,107.7,93.5,77.0,.290,.174,.533,52.7,59.4,9.1,7.7,.486,14.3,30.6,.232,.423,16.9,73.7,.262
CHI,15,2024-06-23,IND,W,88,87,106.9,105.7,82.3,.516,.274,.578,60.3,80.6,4.9,2.6,.532,16.5,22.6,.355,.558,10.7,96.9,.145
CHI,16,2024-06-27,LVA,L,83,95,105.7,120.9,78.6,.179,.205,.493,52.1,58.8,7.6,7.3,.462,6.7,25.6,.141,.568,10.4,82.4,.303
CHI,17,2024-06-30,MIN,L,62,70,75.3,85.0,82.3,.171,.220,.352,52.4,56.0,10.9,7.3,.335,13.7,32.0,.085,.431,19.8,82.4,.215
CHI,18,2024-07-02,ATL,W,85,77,109.1,98.8,77.9,.257,.200,.545,47.9,60.6,7.7,8.7,.514,11.4,27.8,.186,.493,19.3,68.6,.147
CHI,19,2024-07-05,SEA,W,88,84,114.6,109.4,76.8,.292,.194,.542,57.8,61.8,9.1,10.6,.507,11.9,42.4,.208,.477,14.4,74.2,.318
CHI,20,2024-07-07,SEA,L,71,84,89.8,106.2,79.1,.154,.179,.426,51.4,69.0,10.1,18.0,.391,10.7,27.5,.128,.464,11.2,79.4,.290
CHI,,,,,,,Advanced,Advanced,Advanced,Advanced,Advanced,Advanced,Advanced,Advanced,Advanced,Advanced,Offensive Four Factors,Offensive Four Factors,Offensive Four Factors,Offensive Four Factors,Defensive Four Factors,Defensive Four Factors,Defensive Four Factors,Defensive Four Factors
CHI,Rk,Date,Opp,W/L,Tm,Opp,ORtg,DRtg,Pace,FTr,3PAr,TS%,TRB%,AST%,STL%,BLK%,eFG%,TOV%,ORB%,FT/FGA,eFG%,TOV%,DRB%,FT/FGA
CHI,21,2024-07-10,ATL,W,78,69,95.2,84.2,81.9,.176,.230,.489,54.4,68.8,13.4,13.6,.473,11.1,20.5,.108,.420,15.5,87.5,.159
CHI,22,2024-07-11,NYL,L,76,91,101.2,121.2,75.1,.095,.135,.493,54.5,67.6,4.0,2.5,.486,13.5,27.8,.054,.579,8.9,86.7,.286
CHI,23,2024-07-13,NYL,L,67,81,91.6,110.8,73.2,.058,.217,.473,59.4,53.6,5.5,5.7,.457,16.5,33.3,.058,.500,6.1,87.9,.141
CHI,24,2024-07-16,LVA,W,93,85,110.9,101.3,83.8,.306,.181,.569,57.4,57.1,10.7,4.2,.514,13.7,23.3,.264,.508,13.7,90.3,.273
CHI,25,2024-08-15,PHO,L,65,85,91.4,119.6,71.1,.192,.260,.411,49.3,51.9,9.8,8.3,.397,12.2,34.1,.096,.661,15.8,78.3,.119
CHI,26,2024-08-17,LAS,W,90,86,112.2,107.2,80.2,.333,.125,.545,56.0,57.1,5.0,10.6,.514,12.7,34.3,.222,.453,8.6,75.0,.257
CHI,27,2024-08-18,PHO,L,68,86,89.4,113.1,76.1,.269,.179,.390,51.8,71.4,6.6,2.6,.359,9.4,34.7,.154,.508,11.7,75.0,.371
CHI,28,2024-08-23,CON,L,80,82,100.2,102.7,79.8,.338,.138,.536,58.3,62.1,8.8,9.3,.469,17.6,32.3,.292,.412,10.7,78.0,.382
CHI,29,2024-08-25,LVA,L,75,77,95.9,98.5,78.2,.146,.183,.430,51.6,56.7,1.3,15.8,.409,10.3,30.0,.098,.420,3.4,78.0,.111
CHI,30,2024-08-28,WAS,L,70,74,94.6,100.0,74.0,.259,.241,.542,59.0,70.4,2.7,8.9,.509,24.5,35.7,.190,.500,14.3,78.8,.121
CHI,31,2024-08-30,IND,L,81,100,100.4,124.0,80.7,.292,.347,.499,57.5,82.8,7.4,2.7,.465,13.8,33.3,.194,.583,12.3,85.3,.348
CHI,32,2024-09-01,MIN,L,74,79,100.2,106.9,73.8,.322,.153,.549,61.3,55.6,6.8,2.1,.475,23.8,42.3,.305,.493,11.7,75.0,.143
CHI,33,2024-09-03,LVA,L,71,90,92.5,117.3,76.7,.317,.300,.519,48.3,64.0,10.4,5.4,.475,19.9,18.8,.233,.590,14.6,82.1,.295
CHI,34,2024-09-06,LAS,W,92,78,115.6,98.0,79.6,.200,.229,.604,57.4,66.7,11.3,10.9,.564,14.6,25.9,.186,.477,14.8,82.4,.227
CHI,35,2024-09-08,DAL,W,92,77,113.4,94.9,81.1,.329,.186,.574,52.8,54.3,7.4,6.8,.536,13.0,27.6,.243,.426,14.5,69.8,.189
CHI,36,2024-09-11,WAS,L,58,89,77.0,118.1,75.3,.157,.114,.387,46.4,68.0,9.3,8.9,.364,16.7,28.2,.100,.566,12.7,70.0,.176
CHI,37,2024-09-13,MIN,L,66,83,85.5,107.6,77.2,.250,.250,.437,46.6,68.0,5.2,12.8,.397,13.7,22.0,.176,.507,11.4,78.1,.123
CHI,38,2024-09-15,PHO,L,88,93,117.3,123.9,75.1,.208,.347,.560,55.2,81.3,5.3,7.1,.542,8.2,28.9,.139,.614,9.8,89.7,.182
CHI,39,2024-09-17,ATL,L,70,86,95.5,117.3,73.3,.262,.295,.514,45.3,52.0,1.4,4.3,.459,16.0,17.6,.230,.524,8.5,76.7,.339
CHI,40,2024-09-19,CON,L,54,87,74.2,119.5,72.7,.145,.339,.409,39.3,76.2,6.9,17.9,.387,18.5,17.6,.097,.543,11.7,66.7,.157
CON,1,2024-05-14,IND,W,92,71,114.8,88.6,80.1,.379,.318,.597,51.7,62.5,13.7,3.3,.553,16.3,25.0,.288,.560,30.0,84.6,.300
CON,2,2024-05-17,WAS,W,84,77,107.4,98.4,78.2,.382,.294,.529,50.9,55.2,17.9,8.3,.441,11.2,25.0,.353,.560,23.8,84.0,.207
CON,3,2024-05-20,IND,W,88,84,117.0,111.7,75.2,.405,.257,.505,47.8,50.0,6.6,8.2,.432,8.4,39.5,.324,.522,18.5,58.1,.174
CON,4,2024-05-23,MIN,W,83,82,95.6,94.5,77.2,.313,.164,.544,47.6,56.7,11.5,4.3,.485,17.3,10.0,.269,.515,18.1,81.8,.176
CON,5,2024-05-25,CHI,W,86,82,121.6,115.9,70.7,.333,.270,.595,64.4,54.8,7.1,8.5,.540,19.0,57.1,.286,.500,13.0,71.0,.281
CON,6,2024-05-28,PHO,W,70,47,90.2,60.6,77.6,.234,.312,.412,46.9,85.2,15.5,11.1,.383,9.6,26.2,.143,.246,21.6,69.2,.254
CON,7,2024-05-31,DAL,W,74,72,106.3,103.4,69.6,.400,.167,.524,48.3,75.9,11.5,4.3,.500,12.4,28.1,.233,.565,18.0,73.1,.032
CON,8,2024-06-02,ATL,W,69,50,90.7,65.7,76.1,.197,.273,.481,57.7,78.6,5.3,5.9,.470,17.3,21.9,.106,.306,14.2,82.6,.134
CON,9,2024-06-04,WAS,W,76,59,106.1,82.4,71.7,.474,.263,.552,45.6,81.5,9.8,11.4,.526,14.8,20.0,.281,.359,18.5,65.8,.203
CON,10,2024-06-08,NYL,L,75,82,97.2,106.3,77.2,.239,.225,.478,55.6,58.6,3.9,5.7,.437,14.2,28.2,.183,.592,14.3,100.0,.183
CON,11,2024-06-10,IND,W,89,72,124.5,100.7,71.5,.369,.262,.589,61.2,73.3,12.6,7.9,.523,11.7,38.7,.323,.476,13.5,80.6,.210
CON,12,2024-06-12,CHI,W,83,75,111.4,100.7,74.5,.452,.226,.558,49.1,75.0,17.5,4.4,.476,15.9,27.6,.387,.534,20.8,71.4,.224
CON,13,2024-06-15,DAL,W,85,67,115.4,90.9,73.7,.328,.269,.554,56.7,70.0,9.5,6.7,.493,8.4,24.1,.284,.385,13.3,81.6,.328
CON,14,2024-06-18,LAS,W,79,70,107.1,94.9,73.7,.154,.154,.569,50.9,52.9,13.6,8.6,.554,12.6,24.1,.108,.558,26.9,83.3,.231
CON,15,2024-06-21,LVA,L,74,85,96.2,110.5,76.9,.410,.213,.514,40.8,53.8,10.4,2.4,.475,12.2,8.6,.262,.523,13.8,72.2,.262
CON,16,2024-06-23,SEA,L,61,72,81.8,96.6,74.5,.254,.209,.410,52.1,52.0,10.7,6.3,.388,15.8,30.8,.134,.453,16.5,76.5,.219
CON,17,2024-06-27,WAS,W,94,91,107.7,104.2,77.6,.384,.370,.551,49.2,62.5,13.7,12.5,.500,10.5,25.0,.288,.596,23.6,84.0,.147
CON,18,2024-06-28,ATL,L,74,78,95.5,100.7,77.5,.441,.356,.525,44.8,87.0,12.9,4.7,.449,20.4,18.2,.356,.544,18.4,80.0,.281
CON,19,2024-07-01,PHO,W,83,72,122.5,106.3,67.7,.390,.339,.600,67.3,60.7,3.0,7.0,.517,13.7,42.9,.373,.458,8.1,92.6,.283
CON,20,2024-07-04,MIN,W,78,73,103.5,96.9,75.3,.197,.227,.544,55.6,76.7,13.3,10.8,.500,16.3,27.6,.182,.556,21.4,79.4,.065
CON,,,,,,,Advanced,Advanced,Advanced,Advanced,Advanced,Advanced,Advanced,Advanced,Advanced,Advanced,Offensive Four Factors,Offensive Four Factors,Offensive Four Factors,Offensive Four Factors,Defensive Four Factors,Defensive Four Factors,Defensive Four Factors,Defensive Four Factors
CON,Rk,Date,Opp,W/L,Tm,Opp,ORtg,DRtg,Pace,FTr,3PAr,TS%,TRB%,AST%,STL%,BLK%,eFG%,TOV%,ORB%,FT/FGA,eFG%,TOV%,DRB%,FT/FGA
CON,21,2024-07-07,ATL,W,80,67,120.8,101.2,66.2,.297,.359,.553,53.7,71.4,6.0,6.1,.516,8.8,33.3,.219,.441,12.9,73.5,.254
CON,22,2024-07-10,NYL,L,68,71,93.5,97.6,72.7,.239,.254,.459,51.5,79.2,1.4,4.5,.403,10.8,17.9,.209,.518,12.3,96.6,.211
CON,23,2024-07-14,PHO,W,96,69,127.5,91.7,75.2,.269,.333,.550,57.1,70.3,12.0,6.8,.538,7.4,42.1,.154,.457,17.0,71.8,.087
CON,24,2024-07-16,NYL,L,74,82,95.3,105.6,77.7,.333,.273,.489,50.8,60.7,14.2,12.5,.439,14.7,25.0,.242,.534,21.0,79.3,.322
CON,25,2024-08-16,DAL,W,109,91,127.0,106.0,85.8,.424,.303,.696,41.9,78.9,10.5,7.1,.659,16.1,12.5,.333,.515,20.0,60.5,.348
CON,26,2024-08-18,ATL,L,70,82,89.5,104.8,78.2,.338,.246,.469,54.1,69.6,10.2,8.5,.385,18.5,28.9,.308,.452,12.6,80.6,.397
CON,27,2024-08-20,LAS,W,69,61,86.4,76.4,79.9,.233,.219,.429,46.2,75.0,15.0,8.5,.418,11.1,22.7,.110,.409,23.0,76.5,.106
CON,28,2024-08-23,CHI,W,82,80,102.7,100.2,79.8,.529,.368,.489,41.7,72.0,15.0,10.7,.412,10.7,22.0,.382,.469,17.6,67.7,.292
CON,29,2024-08-24,NYL,W,72,64,93.0,82.7,77.4,.236,.181,.453,45.7,66.7,9.0,9.1,.431,10.2,19.5,.139,.423,20.4,72.5,.138
CON,30,2024-08-28,IND,L,80,84,99.0,104.0,80.7,.258,.364,.544,43.5,63.3,17.3,11.1,.515,16.0,12.9,.182,.568,21.1,74.2,.136
CON,31,2024-08-31,WAS,W,96,85,123.0,108.9,78.0,.367,.383,.689,53.7,76.7,12.8,9.1,.617,18.7,20.8,.367,.587,18.7,80.0,.175
CON,32,2024-09-01,SEA,W,93,86,116.2,107.5,80.0,.644,.153,.614,50.8,59.4,8.7,14.0,.568,15.6,29.0,.441,.451,12.8,71.9,.310
CON,33,2024-09-03,SEA,L,64,71,85.6,95.0,74.7,.293,.259,.489,49.2,75.0,9.4,6.7,.457,18.6,20.0,.190,.492,15.9,88.5,.161
CON,34,2024-09-06,LVA,L,67,72,87.3,93.8,76.7,.304,.286,.528,50.0,64.0,13.0,8.9,.473,22.1,16.1,.250,.431,16.0,80.0,.246
CON,35,2024-09-08,LAS,W,79,67,103.4,87.7,76.4,.232,.261,.519,54.1,68.8,11.8,12.5,.507,12.6,25.0,.130,.472,23.2,86.2,.296
CON,36,2024-09-10,LAS,W,86,66,109.3,83.9,78.7,.226,.339,.631,55.0,72.7,10.2,14.6,.597,16.0,12.0,.194,.433,17.2,85.7,.119
CON,37,2024-09-13,PHO,W,88,69,114.4,89.7,76.9,.227,.347,.533,53.5,69.7,2.6,12.8,.493,7.8,22.9,.187,.417,8.3,83.3,.125
CON,38,2024-09-15,LVA,L,71,84,97.6,115.4,72.7,.266,.297,.497,50.7,74.1,2.7,6.4,.469,10.1,19.4,.172,.563,7.5,87.1,.056
CON,39,2024-09-17,MIN,L,76,78,100.2,102.8,75.8,.167,.303,.536,50.0,70.0,11.9,12.0,.508,18.4,24.2,.136,.516,15.7,79.3,.188
CON,40,2024-09-19,CHI,W,87,54,119.5,74.2,72.7,.186,.200,.574,60.7,68.6,9.6,22.0,.543,11.7,33.3,.157,.387,18.5,82.4,.097
DAL,1,2024-05-15,CHI,W,87,79,108.9,98.9,79.9,.122,.183,.503,53.2,48.6,8.8,21.1,.482,14.8,41.7,.098,.426,12.3,62.8,.216
DAL,2,2024-05-18,CHI,L,74,83,88.4,99.2,83.7,.348,.273,.486,48.8,65.2,8.4,13.6,.402,24.7,36.1,.318,.425,16.1,58.7,.188
DAL,3,2024-05-21,ATL,L,78,83,100.5,107.0,77.6,.286,.229,.495,49.3,56.7,7.7,12.0,.443,15.1,32.4,.229,.465,12.8,64.9,.222
DAL,4,2024-05-25,PHO,W,107,92,123.7,106.3,86.5,.280,.267,.635,60.3,59.0,11.6,12.5,.587,17.6,45.2,.253,.507,18.7,75.0,.213
DAL,5,2024-05-26,LAS,W,84,83,109.4,108.1,76.7,.316,.158,.485,54.3,68.8,6.5,10.9,.434,6.5,37.2,.237,.434,8.6,73.7,.224
DAL,6,2024-05-31,CON,L,72,74,103.4,106.3,69.6,.065,.258,.565,51.7,65.6,4.3,8.0,.565,18.0,26.9,.032,.500,12.4,71.9,.233
DAL,7,2024-06-02,MIN,L,76,87,92.2,105.6,82.4,.215,.169,.534,55.7,66.7,14.6,5.8,.492,26.0,32.0,.185,.507,16.0,72.2,.211
DAL,8,2024-06-05,LVA,L,81,95,101.8,119.4,79.5,.297,.338,.484,54.8,64.3,6.3,9.5,.412,13.4,35.9,.270,.550,13.2,76.5,.257
DAL,9,2024-06-07,LAS,L,72,81,89.2,100.4,80.7,.178,.233,.457,49.3,48.3,8.7,10.0,.411,15.1,24.3,.164,.507,15.5,76.5,.143
DAL,10,2024-06-09,PHO,L,90,97,96.2,103.7,74.8,.179,.295,.535,55.4,67.6,9.6,6.4,.513,20.0,31.0,.128,.519,18.5,75.0,.175
DAL,11,2024-06-13,SEA,L,84,92,108.2,118.6,77.6,.262,.200,.579,51.9,74.2,7.7,18.4,.523,20.8,32.1,.246,.572,12.8,73.1,.188
DAL,12,2024-06-15,CON,L,67,85,90.9,115.4,73.7,.393,.262,.468,43.3,82.6,4.1,4.1,.385,13.3,18.4,.328,.493,8.4,75.9,.284
DAL,13,2024-06-17,MIN,L,78,90,103.8,119.7,75.2,.041,.233,.525,54.8,68.6,6.7,6.3,.527,17.7,33.3,.014,.500,8.3,75.0,.343
DAL,14,2024-06-20,CHI,L,72,83,93.5,107.7,77.0,.308,.400,.488,47.3,69.6,11.7,5.3,.423,16.9,26.3,.262,.486,14.3,69.4,.232
DAL,15,2024-06-22,WAS,L,69,97,82.6,116.1,83.5,.242,.364,.472,48.0,76.9,7.2,11.4,.432,22.3,22.0,.182,.564,14.2,79.4,.257
DAL,16,2024-06-23,WAS,L,84,92,109.9,120.4,76.4,.294,.412,.547,59.4,60.7,7.8,2.8,.493,15.4,35.1,.250,.603,14.5,87.5,.254
DAL,17,2024-06-27,MIN,W,94,88,122.4,114.5,76.8,.211,.197,.566,50.7,56.8,11.7,0.0,.546,10.7,35.9,.145,.550,14.6,68.8,.157
DAL,18,2024-06-29,SEA,L,76,97,92.5,118.0,82.2,.200,.257,.499,47.8,56.3,14.6,4.2,.500,19.1,24.2,.086,.531,15.2,70.6,.431
DAL,19,2024-07-01,SEA,L,71,95,90.7,121.3,78.3,.306,.274,.505,48.4,69.2,14.0,4.3,.452,17.6,26.7,.242,.507,14.5,67.6,.324
DAL,20,2024-07-03,PHO,L,96,104,125.4,135.9,76.5,.507,.254,.586,58.6,60.6,7.8,4.8,.530,10.9,40.6,.373,.638,10.7,80.8,.323
DAL,,,,,,,Advanced,Advanced,Advanced,Advanced,Advanced,Advanced,Advanced,Advanced,Advanced,Advanced,Offensive Four Factors,Offensive Four Factors,Offensive Four Factors,Offensive Four Factors,Defensive Four Factors,Defensive Four Factors,Defensive Four Factors,Defensive Four Factors
DAL,Rk,Date,Opp,W/L,Tm,Opp,ORtg,DRtg,Pace,FTr,3PAr,TS%,TRB%,AST%,STL%,BLK%,eFG%,TOV%,ORB%,FT/FGA,eFG%,TOV%,DRB%,FT/FGA
DAL,21,2024-07-05,ATL,W,85,82,96.3,92.9,88.2,.319,.304,.540,47.4,67.7,18.1,9.1,.500,18.6,22.6,.232,.574,28.8,76.9,.197
DAL,22,2024-07-07,LVA,L,85,104,100.4,122.9,84.7,.171,.263,.520,48.1,54.3,7.1,8.9,.500,13.7,23.1,.118,.543,9.2,73.7,.198
DAL,23,2024-07-10,PHO,L,84,100,110.7,131.8,75.9,.281,.297,.584,54.2,78.1,6.6,2.5,.555,16.3,28.0,.203,.664,13.5,82.6,.311
DAL,24,2024-07-13,LAS,L,81,87,99.7,107.1,81.2,.254,.225,.513,53.2,58.1,7.4,14.3,.472,16.9,29.4,.197,.543,13.6,82.1,.157
DAL,25,2024-07-17,IND,W,101,93,118.4,109.0,85.3,.237,.263,.602,45.3,71.8,11.7,8.7,.572,10.6,18.8,.184,.577,17.8,71.9,.155
DAL,26,2024-08-16,CON,L,91,109,106.0,127.0,85.8,.485,.364,.568,58.1,65.5,14.0,8.7,.515,20.0,39.5,.348,.659,16.1,87.5,.333
DAL,27,2024-08-20,NYL,L,74,94,90.1,114.5,82.1,.348,.318,.486,37.3,80.0,8.5,4.3,.447,19.1,21.4,.227,.514,15.1,57.6,.243
DAL,28,2024-08-22,NYL,L,71,79,91.0,101.3,78.0,.188,.188,.475,45.2,56.7,5.1,12.5,.449,15.8,21.6,.130,.396,10.3,63.8,.234
DAL,29,2024-08-25,LAS,W,113,110,136.7,133.0,82.7,.382,.289,.637,61.8,52.5,10.9,4.9,.579,9.2,41.9,.329,.692,14.5,87.5,.308
DAL,30,2024-08-27,LVA,W,93,90,119.4,115.5,77.9,.253,.280,.558,60.6,61.1,5.1,9.3,.520,11.7,37.1,.200,.540,9.6,87.1,.371
DAL,31,2024-08-30,MIN,W,94,76,115.7,93.6,81.2,.133,.217,.535,54.3,52.5,12.3,9.1,.524,8.3,28.9,.084,.471,16.0,84.4,.176
DAL,32,2024-09-01,IND,L,93,100,106.2,114.2,87.6,.365,.419,.541,47.2,75.9,9.1,4.2,.480,13.1,21.6,.297,.607,20.5,74.3,.214
DAL,33,2024-09-03,WAS,L,86,90,111.4,116.5,77.2,.361,.250,.515,57.1,71.0,3.9,14.9,.458,13.5,43.2,.278,.481,9.6,70.0,.208
DAL,34,2024-09-06,ATL,L,96,107,112.8,125.8,75.6,.310,.282,.595,47.1,74.3,5.9,5.7,.549,18.2,30.3,.254,.551,8.9,62.2,.269
DAL,35,2024-09-08,CHI,L,77,92,94.9,113.4,81.1,.257,.203,.467,47.2,70.0,7.4,7.0,.426,14.5,30.2,.189,.536,13.0,72.4,.243
DAL,36,2024-09-10,NYL,L,91,105,110.8,127.8,82.2,.264,.333,.566,48.3,70.6,3.7,9.8,.514,12.0,16.7,.236,.657,12.6,82.1,.186
DAL,37,2024-09-12,NYL,L,67,99,82.9,122.5,80.8,.225,.254,.429,45.2,65.4,5.0,5.1,.394,16.1,22.0,.155,.565,11.1,75.0,.304
DAL,38,2024-09-13,SEA,L,81,83,93.9,96.2,86.2,.244,.231,.469,56.8,66.7,10.4,5.7,.410,17.2,35.7,.218,.493,16.9,84.4,.135
DAL,39,2024-09-15,IND,L,109,110,136.5,137.7,79.8,.203,.324,.676,55.9,66.7,8.8,7.1,.642,13.9,40.7,.189,.605,9.6,68.8,.237
DAL,40,2024-09-19,LVA,L,84,98,103.4,120.6,81.2,.271,.286,.536,46.5,56.7,8.6,5.3,.493,14.2,20.0,.214,.567,11.8,72.2,.173
IND,1,2024-05-14,CON,L,71,92,88.6,114.8,80.1,.380,.400,.608,48.3,66.7,7.5,11.1,.560,30.0,15.4,.300,.553,16.3,75.0,.288
IND,2,2024-05-16,NYL,L,66,102,86.6,133.9,76.2,.367,.317,.474,39.4,59.1,6.6,7.8,.408,15.7,20.6,.283,.513,10.2,59.4,.282
IND,3,2024-05-18,NYL,L,80,91,95.9,109.1,83.4,.075,.325,.484,51.5,66.7,10.8,9.4,.469,15.4,27.8,.063,.602,22.0,80.0,.219
IND,4,2024-05-20,CON,L,84,88,111.7,117.0,75.2,.188,.290,.562,52.2,60.6,5.3,12.7,.522,18.5,41.9,.174,.432,8.4,60.5,.324
IND,5,2024-05-22,SEA,L,83,85,110.6,113.2,75.1,.250,.306,.519,49.4,58.1,6.7,12.9,.472,12.1,35.1,.208,.451,8.4,61.4,.134
IND,6,2024-05-24,LAS,W,78,73,96.4,90.2,80.9,.246,.362,.510,47.8,75.9,11.1,5.7,.471,11.6,13.5,.188,.466,20.9,90.0,.305
IND,7,2024-05-25,LVA,L,80,99,99.1,122.6,80.7,.186,.386,.528,50.0,66.7,5.0,7.9,.500,13.7,16.7,.143,.568,9.0,83.3,.219
IND,8,2024-05-28,LAS,L,82,88,102.2,109.7,80.2,.368,.441,.519,48.3,65.4,15.0,20.0,.456,15.1,25.7,.294,.604,22.0,82.6,.453
IND,9,2024-05-30,SEA,L,88,103,107.9,126.3,81.6,.314,.357,.552,52.9,72.4,2.5,7.1,.486,14.0,26.3,.286,.613,7.9,86.7,.147
IND,10,2024-06-01,CHI,W,71,70,92.9,91.6,76.4,.232,.362,.467,43.4,70.4,7.9,8.8,.435,12.6,22.5,.159,.420,16.3,66.7,.174
IND,11,2024-06-02,NYL,L,68,104,85.7,131.1,79.3,.151,.384,.437,41.8,66.7,7.6,2.4,.418,13.4,21.4,.096,.659,14.8,76.0,.258
IND,12,2024-06-07,WAS,W,85,83,106.9,104.4,79.5,.274,.565,.612,44.1,75.0,11.3,5.3,.581,17.8,14.7,.210,.521,16.2,73.5,.111
IND,13,2024-06-10,CON,L,72,89,100.7,124.5,71.5,.306,.387,.512,38.8,76.0,7.0,6.3,.476,13.5,19.4,.210,.523,11.7,61.3,.323
IND,14,2024-06-13,ATL,W,91,84,118.6,109.5,76.7,.264,.361,.566,52.3,56.3,7.8,14.0,.507,14.8,34.4,.250,.485,12.5,69.7,.284
IND,15,2024-06-16,CHI,W,91,83,118.7,108.3,76.7,.306,.290,.647,54.3,65.7,1.3,15.9,.629,17.6,28.6,.210,.438,5.4,71.4,.148
IND,16,2024-06-19,WAS,W,88,81,114.4,105.3,76.9,.377,.377,.619,54.4,67.7,9.1,8.3,.574,12.3,17.2,.295,.493,12.6,82.1,.171
IND,17,2024-06-21,ATL,W,91,79,114.2,99.2,79.7,.169,.323,.651,53.8,64.9,6.3,14.9,.654,16.7,17.9,.092,.369,12.0,81.1,.477
IND,18,2024-06-23,CHI,L,87,88,105.7,106.9,82.3,.203,.435,.579,39.7,87.5,10.9,8.9,.558,10.7,3.1,.145,.532,16.5,77.4,.355
IND,19,2024-06-27,SEA,L,77,89,98.6,113.9,78.1,.277,.292,.528,62.0,72.4,5.1,8.9,.508,21.5,38.9,.169,.529,9.4,85.7,.214
IND,20,2024-06-30,PHO,W,88,82,109.1,101.6,80.7,.492,.444,.574,60.0,71.4,6.2,5.0,.508,15.4,29.0,.381,.456,13.3,84.6,.294
IND,,,,,,,Advanced,Advanced,Advanced,Advanced,Advanced,Advanced,Advanced,Advanced,Advanced,Advanced,Offensive Four Factors,Offensive Four Factors,Offensive Four Factors,Offensive Four Factors,Defensive Four Factors,Defensive Four Factors,Defensive Four Factors,Defensive Four Factors
IND,Rk,Date,Opp,W/L,Tm,Opp,ORtg,DRtg,Pace,FTr,3PAr,TS%,TRB%,AST%,STL%,BLK%,eFG%,TOV%,ORB%,FT/FGA,eFG%,TOV%,DRB%,FT/FGA
IND,21,2024-07-02,LVA,L,69,88,85.3,108.8,80.9,.169,.338,.417,53.7,67.9,6.2,8.7,.403,15.3,29.5,.091,.514,11.3,81.6,.211
IND,22,2024-07-06,NYL,W,83,78,109.4,102.8,75.8,.209,.358,.567,56.9,62.5,7.9,6.9,.530,12.0,23.3,.179,.479,10.3,81.0,.141
IND,23,2024-07-10,WAS,L,84,89,99.0,104.9,84.8,.293,.431,.641,48.3,58.1,10.6,12.7,.603,24.3,8.7,.241,.487,16.1,73.0,.213
IND,24,2024-07-12,PHO,W,95,86,114.4,103.6,83.0,.173,.383,.545,58.3,59.0,9.6,14.6,.519,15.5,39.5,.136,.486,12.1,79.4,.257
IND,25,2024-07-14,MIN,W,81,74,109.7,100.2,73.8,.171,.414,.538,50.0,61.3,8.1,12.8,.500,13.7,30.3,.157,.464,15.8,68.6,.129
IND,26,2024-07-17,DAL,L,93,101,109.0,118.4,85.3,.239,.352,.593,54.7,68.4,2.3,12.5,.577,17.8,28.1,.155,.572,10.6,81.3,.184
IND,27,2024-08-16,PHO,W,98,89,122.4,111.1,80.1,.230,.486,.601,55.7,67.6,5.0,16.7,.554,10.9,22.2,.216,.533,13.2,91.2,.417
IND,28,2024-08-18,SEA,W,92,75,112.5,91.7,81.7,.192,.425,.581,57.3,64.7,7.3,9.8,.568,12.2,25.0,.123,.438,13.2,87.2,.167
IND,29,2024-08-24,MIN,L,80,90,107.7,121.1,74.3,.105,.382,.503,59.7,48.5,6.7,2.6,.480,15.9,44.1,.092,.592,11.9,75.8,.200
IND,30,2024-08-26,ATL,W,84,79,105.1,98.8,79.9,.197,.355,.508,53.1,58.1,10.0,6.8,.474,13.6,28.2,.158,.438,11.0,76.2,.205
IND,31,2024-08-28,CON,W,84,80,104.0,99.0,80.7,.167,.455,.593,56.5,64.5,6.2,11.9,.568,21.1,25.8,.136,.515,16.0,87.1,.182
IND,32,2024-08-30,CHI,W,100,81,124.0,100.4,80.7,.439,.439,.635,42.5,81.3,11.2,10.6,.583,12.3,14.7,.348,.465,13.8,66.7,.194
IND,33,2024-09-01,DAL,W,100,93,114.2,106.2,87.6,.243,.314,.645,52.8,64.9,8.0,20.9,.607,20.5,25.7,.214,.480,13.1,78.4,.297
IND,34,2024-09-04,LAS,W,93,86,107.6,99.5,86.5,.358,.328,.600,58.8,54.5,5.8,8.0,.545,18.8,26.7,.299,.468,12.4,84.2,.182
IND,35,2024-09-06,MIN,L,88,99,110.4,124.2,79.7,.173,.387,.545,49.3,59.4,3.8,7.3,.513,14.8,30.8,.147,.541,9.7,70.6,.274
IND,36,2024-09-08,ATL,W,104,100,117.6,113.1,78.6,.368,.368,.658,49.3,62.2,5.7,5.9,.618,17.7,23.3,.294,.463,7.3,66.7,.138
IND,37,2024-09-11,LVA,L,75,86,93.1,106.7,80.6,.219,.356,.469,50.0,51.7,5.0,6.3,.445,14.9,20.0,.137,.514,9.4,81.8,.200
IND,38,2024-09-13,LVA,L,74,78,88.9,93.7,83.2,.323,.371,.523,53.0,60.7,6.0,5.0,.508,17.5,9.1,.177,.464,10.4,97.0,.186
IND,39,2024-09-15,DAL,W,110,109,137.7,136.5,79.8,.276,.447,.645,44.1,55.3,6.3,8.0,.605,9.6,31.3,.237,.642,13.9,59.3,.189
IND,40,2024-09-19,WAS,L,91,92,110.7,112.0,82.2,.234,.313,.644,51.6,82.4,11.0,0.0,.609,18.5,12.0,.203,.549,15.3,78.4,.197
LAS,1,2024-05-15,ATL,L,81,92,100.4,114.0,80.7,.306,.431,.496,50.7,85.7,9.9,4.0,.472,11.9,22.9,.181,.567,14.7,79.4,.239
LAS,2,2024-05-18,LVA,L,82,89,99.5,108.0,82.4,.227,.212,.565,47.7,47.1,13.4,11.9,.553,19.0,11.1,.136,.514,13.0,73.7,.192
LAS,3,2024-05-21,WAS,W,70,68,89.5,87.0,78.2,.273,.382,.568,54.1,80.8,10.2,12.8,.545,28.0,20.0,.182,.484,20.7,77.8,.094
LAS,4,2024-05-24,IND,L,73,78,90.2,96.4,80.9,.356,.407,.535,52.2,72.0,6.2,6.8,.466,20.9,10.0,.305,.471,11.6,86.5,.188
LAS,5,2024-05-26,DAL,L,83,84,108.1,109.4,76.7,.276,.276,.487,45.7,70.0,1.3,6.3,.434,8.6,26.3,.224,.434,6.5,62.8,.237
LAS,6,2024-05-28,IND,W,88,82,109.7,102.2,80.2,.623,.434,.652,51.7,68.0,11.2,13.2,.604,22.0,17.4,.453,.456,15.1,74.3,.294
LAS,7,2024-05-30,CHI,L,73,83,91.0,103.5,80.2,.483,.350,.502,48.5,70.8,11.2,3.6,.433,19.8,24.1,.350,.473,14.6,66.7,.160
LAS,8,2024-06-02,PHO,L,68,87,87.4,111.8,77.8,.250,.383,.511,47.6,75.0,6.4,5.4,.475,21.3,18.8,.183,.530,15.8,77.4,.258
LAS,9,2024-06-05,MIN,L,62,86,78.0,108.2,79.5,.234,.364,.365,54.3,75.0,7.6,7.1,.286,15.9,34.7,.234,.562,16.3,84.4,.200
LAS,10,2024-06-07,DAL,W,81,72,100.4,89.2,80.7,.214,.286,.529,50.7,69.7,11.2,7.1,.507,15.5,23.5,.143,.411,15.1,75.7,.164
LAS,11,2024-06-09,LVA,W,96,92,121.2,116.1,79.2,.400,.385,.628,61.0,65.6,3.8,14.3,.569,16.4,29.6,.338,.522,7.1,87.5,.309
LAS,12,2024-06-11,SEA,L,79,95,100.1,120.4,78.9,.348,.290,.496,42.3,70.4,7.6,10.5,.435,12.1,23.8,.275,.519,9.4,63.9,.165
LAS,13,2024-06-14,MIN,L,76,81,93.8,99.9,81.1,.281,.313,.528,54.8,82.1,13.6,2.6,.477,22.6,25.8,.234,.541,19.8,83.9,.246
LAS,14,2024-06-16,ATL,L,74,87,96.4,113.3,76.7,.265,.368,.487,46.5,75.0,7.8,3.8,.412,13.6,22.2,.265,.485,11.2,71.4,.309
LAS,15,2024-06-18,CON,L,70,79,94.9,107.1,73.7,.346,.327,.584,49.1,73.1,9.5,3.6,.558,26.9,16.7,.231,.554,12.6,75.9,.108
LAS,16,2024-06-20,NYL,L,80,93,100.2,116.5,79.8,.306,.306,.569,53.1,58.1,10.0,2.8,.556,16.6,16.1,.177,.587,12.7,87.9,.174
LAS,17,2024-06-22,NYL,L,88,98,112.8,125.6,78.0,.382,.397,.554,42.9,75.9,12.8,3.1,.485,11.2,21.6,.324,.662,16.3,73.1,.118
LAS,18,2024-06-28,PHO,L,78,92,99.0,116.8,78.7,.238,.333,.560,37.1,82.8,12.7,10.4,.540,17.7,13.3,.159,.558,15.9,59.4,.217
LAS,19,2024-07-02,WAS,L,80,82,106.9,109.6,74.8,.300,.500,.589,50.0,78.6,6.7,2.4,.575,17.1,21.2,.183,.567,14.4,80.6,.090
LAS,20,2024-07-05,LVA,W,98,93,113.6,107.8,76.7,.372,.360,.490,47.6,71.9,7.0,7.0,.436,2.9,21.6,.267,.545,12.5,90.3,.299
LAS,,,,,,,Advanced,Advanced,Advanced,Advanced,Advanced,Advanced,Advanced,Advanced,Advanced,Advanced,Offensive Four Factors,Offensive Four Factors,Offensive Four Factors,Offensive Four Factors,Defensive Four Factors,Defensive Four Factors,Defensive Four Factors,Defensive Four Factors
LAS,Rk,Date,Opp,W/L,Tm,Opp,ORtg,DRtg,Pace,FTr,3PAr,TS%,TRB%,AST%,STL%,BLK%,eFG%,TOV%,ORB%,FT/FGA,eFG%,TOV%,DRB%,FT/FGA
LAS,21,2024-07-07,PHO,L,78,84,99.6,107.3,78.2,.253,.320,.468,43.3,86.2,7.7,5.3,.420,9.7,24.4,.200,.517,18.3,73.1,.390
LAS,22,2024-07-09,MIN,L,67,82,89.6,109.7,74.7,.339,.357,.521,51.8,73.9,4.0,10.6,.438,21.9,14.8,.321,.562,11.5,86.2,.138
LAS,23,2024-07-13,DAL,W,87,81,107.1,99.7,81.2,.200,.200,.571,46.8,68.6,13.5,7.3,.543,13.6,17.9,.157,.472,16.9,70.6,.197
LAS,24,2024-07-16,SEA,L,83,89,106.2,113.9,78.2,.319,.377,.527,51.4,71.4,6.4,6.7,.478,16.0,34.3,.246,.507,14.1,67.6,.294
LAS,25,2024-08-15,NYL,L,68,103,81.8,123.8,83.2,.313,.281,.467,43.3,69.6,7.2,9.3,.406,21.6,18.4,.250,.637,14.2,75.9,.137
LAS,26,2024-08-17,CHI,L,86,90,107.2,112.2,80.2,.351,.365,.503,44.0,79.3,7.5,6.3,.453,8.6,25.0,.257,.514,12.7,65.7,.222
LAS,27,2024-08-18,LVA,L,71,87,81.5,99.9,87.1,.339,.371,.498,50.0,64.0,11.5,9.3,.452,22.8,8.6,.242,.557,19.3,96.8,.311
LAS,28,2024-08-20,CON,L,61,69,76.4,86.4,79.9,.152,.288,.433,53.8,57.7,10.0,10.5,.409,23.0,23.5,.106,.418,11.1,77.3,.110
LAS,29,2024-08-23,WAS,L,74,80,86.5,93.5,85.6,.200,.360,.453,50.7,64.3,14.0,6.0,.413,18.1,22.2,.160,.486,15.0,78.4,.123
LAS,30,2024-08-25,DAL,L,110,113,133.0,136.7,82.7,.400,.369,.720,38.2,74.4,6.0,9.3,.692,14.5,12.5,.308,.579,9.2,58.1,.329
LAS,31,2024-08-28,NYL,W,94,88,115.5,108.1,81.4,.324,.309,.605,46.7,68.6,14.7,11.4,.574,11.4,16.7,.235,.587,21.0,76.7,.222
LAS,32,2024-09-01,ATL,L,62,80,88.6,114.3,70.0,.290,.339,.443,42.5,60.9,7.1,3.8,.395,11.4,19.4,.210,.507,10.6,64.9,.129
LAS,33,2024-09-04,IND,L,86,93,99.5,107.6,86.5,.221,.351,.509,41.2,54.8,10.4,6.7,.468,12.4,15.8,.182,.545,18.8,73.3,.299
LAS,34,2024-09-06,CHI,L,78,92,98.0,115.6,79.6,.303,.303,.521,42.6,79.3,11.3,7.4,.477,14.8,17.6,.227,.564,14.6,74.1,.186
LAS,35,2024-09-08,CON,L,67,79,87.7,103.4,76.4,.370,.259,.533,45.9,68.2,6.5,3.9,.472,23.2,13.8,.296,.507,12.6,75.0,.130
LAS,36,2024-09-10,CON,L,66,86,83.9,109.3,78.7,.179,.284,.457,45.0,73.1,11.4,0.0,.433,17.2,14.3,.119,.597,16.0,88.0,.194
LAS,37,2024-09-11,SEA,L,82,90,104.4,114.5,78.6,.231,.262,.573,58.5,65.6,6.4,5.9,.546,15.4,20.0,.169,.514,7.1,91.4,.257
LAS,38,2024-09-15,SEA,L,87,90,107.2,110.9,81.2,.274,.219,.532,52.9,54.5,16.0,2.0,.473,16.4,38.2,.247,.500,15.7,67.6,.268
LAS,39,2024-09-17,PHO,L,81,85,107.2,112.5,75.5,.241,.398,.441,66.2,57.1,6.6,8.3,.392,16.4,56.1,.193,.523,12.0,78.8,.281
LAS,40,2024-09-19,MIN,W,68,51,92.9,69.7,73.2,.153,.525,.540,56.3,72.0,6.8,12.1,.508,22.2,18.5,.136,.348,21.2,83.8,.214
MIN,1,2024-05-14,SEA,W,83,70,96.7,81.5,85.8,.120,.320,.526,47.6,67.6,17.5,11.6,.500,17.7,19.4,.107,.378,16.8,69.6,.141
MIN,2,2024-05-17,SEA,W,102,93,98.3,89.6,83.1,.316,.380,.567,50.0,77.1,17.3,17.2,.525,23.1,23.3,.241,.429,20.9,78.0,.333
MIN,3,2024-05-23,CON,L,82,83,94.5,95.6,77.2,.294,.309,.534,52.4,69.7,12.7,8.9,.515,18.1,18.2,.176,.485,17.3,90.0,.269
MIN,4,2024-05-25,NYL,W,84,67,110.6,88.3,75.9,.090,.418,.603,53.8,81.3,10.5,17.9,.582,18.7,27.6,.090,.434,18.1,75.0,.118
MIN,5,2024-05-26,ATL,W,92,79,124.6,107.0,73.8,.371,.468,.638,49.2,74.2,9.5,8.7,.605,12.2,18.5,.274,.500,11.9,72.2,.162
MIN,6,2024-05-29,LVA,L,66,80,85.3,103.4,77.3,.154,.369,.476,46.8,75.0,10.3,11.1,.431,18.7,21.1,.154,.486,15.2,71.8,.139
MIN,7,2024-05-31,PHO,W,95,71,129.5,96.8,73.3,.164,.479,.607,50.0,80.6,8.2,8.8,.589,7.1,27.8,.123,.460,18.6,72.2,.226
MIN,8,2024-06-02,DAL,W,87,76,105.6,92.2,82.4,.239,.268,.554,44.3,71.9,18.2,11.1,.507,16.0,27.8,.211,.492,26.0,68.0,.185
MIN,9,2024-06-05,LAS,W,86,62,108.2,78.0,79.5,.246,.354,.597,45.7,78.1,10.1,10.2,.562,16.3,15.6,.200,.286,15.9,65.3,.234
MIN,10,2024-06-07,PHO,L,80,81,99.9,101.1,80.1,.153,.472,.521,48.0,85.7,6.2,11.4,.493,14.5,19.4,.125,.479,15.2,74.4,.200
MIN,11,2024-06-09,SEA,W,83,64,108.7,83.8,76.4,.350,.367,.599,51.4,92.6,7.9,13.2,.550,18.8,23.1,.283,.373,13.9,68.2,.107
MIN,12,2024-06-11,LVA,W,100,86,126.5,108.8,79.1,.254,.403,.671,44.4,91.9,11.4,12.9,.664,10.8,11.8,.164,.532,15.0,82.8,.323
MIN,13,2024-06-14,LAS,W,81,76,99.9,93.8,81.1,.295,.377,.588,45.2,76.7,21.0,13.6,.541,19.8,16.1,.246,.477,22.6,74.2,.234
MIN,14,2024-06-17,DAL,W,90,78,119.7,103.8,75.2,.358,.284,.580,45.2,80.0,14.6,8.9,.500,8.3,25.0,.343,.527,17.7,66.7,.014
MIN,15,2024-06-19,ATL,W,68,55,90.4,73.1,75.2,.105,.289,.428,49.5,70.4,6.6,9.3,.401,10.2,22.7,.092,.318,14.8,74.5,.197
MIN,16,2024-06-22,PHO,W,73,60,90.7,74.5,80.5,.290,.355,.522,58.7,69.2,6.2,10.0,.484,17.7,17.2,.210,.358,14.1,84.8,.095
MIN,17,2024-06-27,DAL,L,88,94,114.5,122.4,76.8,.200,.371,.578,49.3,81.8,7.8,6.6,.550,14.6,31.3,.157,.546,10.7,64.1,.145
MIN,18,2024-06-30,CHI,W,70,62,85.0,75.3,82.3,.277,.369,.480,47.6,92.0,13.4,14.1,.431,19.8,17.6,.215,.335,13.7,68.0,.085
MIN,19,2024-07-02,NYL,L,67,76,88.9,100.9,75.3,.149,.403,.469,45.1,88.5,5.3,4.7,.448,11.2,14.6,.104,.420,8.9,75.6,.173
MIN,20,2024-07-04,CON,L,73,78,96.9,103.5,75.3,.145,.403,.553,44.4,82.1,10.6,7.8,.556,21.4,20.6,.065,.500,16.3,72.4,.182
MIN,,,,,,,Advanced,Advanced,Advanced,Advanced,Advanced,Advanced,Advanced,Advanced,Advanced,Advanced,Offensive Four Factors,Offensive Four Factors,Offensive Four Factors,Offensive Four Factors,Defensive Four Factors,Defensive Four Factors,Defensive Four Factors,Defensive Four Factors
MIN,Rk,Date,Opp,W/L,Tm,Opp,ORtg,DRtg,Pace,FTr,3PAr,TS%,TRB%,AST%,STL%,BLK%,eFG%,TOV%,ORB%,FT/FGA,eFG%,TOV%,DRB%,FT/FGA
MIN,21,2024-07-06,WAS,W,74,67,99.2,89.8,74.6,.200,.400,.486,54.3,74.1,12.1,9.4,.457,14.6,33.3,.143,.475,21.5,80.6,.167
MIN,22,2024-07-09,LAS,W,82,67,109.7,89.6,74.7,.154,.277,.591,48.2,71.9,14.7,8.3,.562,11.5,13.8,.138,.438,21.9,85.2,.321
MIN,23,2024-07-12,SEA,L,63,91,82.5,119.2,76.3,.371,.484,.437,44.3,73.7,10.5,6.7,.363,17.2,21.6,.290,.528,12.3,69.7,.225
MIN,24,2024-07-14,IND,L,74,81,100.2,109.7,73.8,.143,.443,.497,50.0,74.1,6.8,7.3,.464,15.8,31.4,.129,.500,13.7,69.7,.157
MIN,25,2024-07-17,ATL,W,86,79,111.3,102.2,77.2,.307,.400,.505,49.2,86.2,12.9,4.5,.460,7.6,28.2,.227,.534,19.0,80.8,.271
MIN,26,2024-08-15,WAS,W,79,68,93.2,80.3,84.7,.271,.371,.504,55.6,57.1,10.6,2.6,.457,14.2,12.1,.214,.430,18.1,92.3,.203
MIN,27,2024-08-17,WAS,W,99,83,123.8,103.8,80.0,.313,.328,.680,55.4,70.3,13.8,2.7,.664,17.1,25.9,.219,.558,19.5,82.8,.267
MIN,28,2024-08-21,LVA,W,98,87,133.4,118.4,73.5,.219,.297,.698,52.5,73.7,5.4,7.3,.680,12.5,24.0,.172,.556,10.6,73.5,.113
MIN,29,2024-08-23,LVA,W,87,74,109.7,93.3,79.2,.295,.426,.631,68.5,71.0,15.1,5.3,.590,21.6,30.4,.246,.518,21.7,96.8,.263
MIN,30,2024-08-24,IND,W,90,80,121.1,107.7,74.3,.308,.415,.610,40.3,81.8,10.8,8.5,.592,11.9,24.2,.200,.480,15.9,55.9,.092
MIN,31,2024-08-28,PHO,W,89,76,111.2,94.9,80.1,.222,.361,.563,51.3,75.8,11.2,8.9,.535,15.0,33.3,.167,.434,19.6,67.5,.250
MIN,32,2024-08-30,DAL,L,76,94,93.6,115.7,81.2,.191,.515,.515,45.7,74.1,4.9,7.7,.471,16.0,15.6,.176,.524,8.3,71.1,.084
MIN,33,2024-09-01,CHI,W,79,74,106.9,100.2,73.8,.171,.314,.525,38.7,71.9,13.5,4.0,.493,11.7,25.0,.143,.475,23.8,57.7,.305
MIN,34,2024-09-06,IND,W,99,88,124.2,110.4,79.7,.342,.438,.589,50.7,75.8,8.8,8.7,.541,9.7,29.4,.274,.513,14.8,69.2,.147
MIN,35,2024-09-08,WAS,W,78,71,99.7,90.8,78.2,.258,.364,.531,52.1,70.4,9.0,2.6,.462,17.9,20.6,.258,.493,16.4,79.5,.029
MIN,36,2024-09-10,ATL,W,76,64,102.3,86.1,74.3,.141,.313,.559,50.0,75.0,9.4,7.7,.555,12.8,12.9,.078,.336,11.3,76.7,.243
MIN,37,2024-09-13,CHI,W,83,66,107.6,85.5,77.2,.137,.356,.536,53.4,75.8,10.4,7.8,.507,11.4,21.9,.123,.397,13.7,78.0,.176
MIN,38,2024-09-15,NYL,W,88,79,117.9,105.8,74.7,.167,.273,.621,50.7,74.3,8.0,7.3,.598,17.5,30.0,.136,.449,12.2,65.9,.246
MIN,39,2024-09-17,CON,W,78,76,102.8,100.2,75.8,.203,.219,.559,50.0,73.3,9.2,15.2,.516,15.7,20.7,.188,.508,18.4,75.8,.136
MIN,40,2024-09-19,LAS,L,51,68,69.7,92.9,73.2,.286,.411,.405,43.8,68.8,10.9,7.1,.348,21.2,16.2,.214,.508,22.2,81.5,.136
NYL,1,2024-05-14,WAS,W,85,80,104.0,97.8,81.7,.221,.412,.570,51.4,65.6,9.8,10.9,.529,19.4,25.0,.191,.462,12.7,73.7,.103
NYL,2,2024-05-16,IND,W,102,66,133.9,86.6,76.2,.295,.346,.579,60.6,61.1,10.5,19.5,.513,10.2,40.6,.282,.408,15.7,79.4,.283
NYL,3,2024-05-18,IND,W,91,80,109.1,95.9,83.4,.250,.500,.640,48.5,67.7,10.8,11.1,.602,22.0,20.0,.219,.469,15.4,72.2,.063
NYL,4,2024-05-20,SEA,W,74,63,97.6,83.1,75.8,.317,.365,.515,51.4,69.2,9.2,10.9,.437,17.3,24.1,.302,.386,15.5,70.7,.129
NYL,5,2024-05-23,CHI,L,81,90,100.6,111.8,80.5,.290,.319,.521,47.9,73.3,9.9,8.9,.493,15.3,22.9,.188,.513,9.7,71.1,.173
NYL,6,2024-05-25,MIN,L,67,84,88.3,110.6,75.9,.147,.426,.463,46.2,69.2,10.5,7.7,.434,18.1,25.0,.118,.582,18.7,72.4,.090
NYL,7,2024-05-29,PHO,W,81,78,109.0,105.0,74.3,.265,.471,.533,53.4,67.9,9.4,13.2,.478,11.6,25.7,.235,.500,11.9,78.9,.147
NYL,8,2024-05-31,WAS,W,90,79,112.4,98.7,80.1,.492,.508,.587,53.1,64.3,11.2,2.4,.532,15.4,22.9,.365,.525,16.7,89.7,.267
NYL,9,2024-06-02,IND,W,104,68,131.1,85.7,79.3,.303,.379,.695,58.2,78.9,11.3,13.3,.659,14.8,24.0,.258,.418,13.4,78.6,.096
NYL,10,2024-06-04,CHI,W,88,75,108.9,92.8,80.8,.154,.410,.528,50.0,70.6,8.7,6.0,.500,10.7,25.0,.128,.338,10.4,72.7,.338
NYL,11,2024-06-06,ATL,W,78,61,101.8,79.6,76.6,.176,.419,.489,56.4,82.8,7.8,9.3,.453,14.0,28.9,.149,.367,14.4,82.5,.219
NYL,12,2024-06-08,CON,W,82,75,106.3,97.2,77.2,.217,.417,.624,44.4,87.1,10.4,9.1,.592,14.3,0.0,.183,.437,14.2,71.8,.183
NYL,13,2024-06-09,WAS,W,93,88,117.8,111.5,78.9,.308,.415,.630,64.5,77.4,8.9,7.7,.569,22.2,41.9,.292,.582,14.2,87.1,.149
NYL,14,2024-06-15,LVA,W,90,82,112.5,102.5,80.0,.235,.412,.600,54.4,63.6,10.0,2.9,.574,9.6,9.4,.176,.529,11.9,94.4,.130
NYL,15,2024-06-18,PHO,L,93,99,109.7,116.8,84.7,.184,.553,.566,54.4,84.4,16.5,10.3,.539,16.3,28.9,.145,.659,18.8,86.7,.116
NYL,16,2024-06-20,LAS,W,93,80,116.5,100.2,79.8,.217,.478,.615,46.9,85.3,8.8,7.0,.587,12.7,12.1,.174,.556,16.6,83.9,.177
NYL,17,2024-06-22,LAS,W,98,88,125.6,112.8,78.0,.132,.529,.681,57.1,83.8,10.3,14.6,.662,16.3,26.9,.118,.485,11.2,78.4,.324
NYL,18,2024-06-23,ATL,W,96,75,119.6,93.4,80.2,.214,.357,.627,48.7,69.4,8.7,6.0,.586,13.5,21.2,.200,.392,10.3,68.9,.165
NYL,19,2024-06-30,ATL,W,81,75,106.8,98.9,75.8,.225,.549,.519,43.1,89.3,10.6,4.7,.486,6.0,13.2,.169,.533,18.6,85.2,.183
NYL,20,2024-07-02,MIN,W,76,67,100.9,88.9,75.3,.213,.427,.463,54.9,60.7,8.0,12.5,.420,8.9,24.4,.173,.448,11.2,85.4,.104
NYL,,,,,,,Advanced,Advanced,Advanced,Advanced,Advanced,Advanced,Advanced,Advanced,Advanced,Advanced,Offensive Four Factors,Offensive Four Factors,Offensive Four Factors,Offensive Four Factors,Defensive Four Factors,Defensive Four Factors,Defensive Four Factors,Defensive Four Factors
NYL,Rk,Date,Opp,W/L,Tm,Opp,ORtg,DRtg,Pace,FTr,3PAr,TS%,TRB%,AST%,STL%,BLK%,eFG%,TOV%,ORB%,FT/FGA,eFG%,TOV%,DRB%,FT/FGA
NYL,21,2024-07-06,IND,L,78,83,102.8,109.4,75.8,.225,.592,.500,43.1,69.0,9.2,2.3,.479,10.3,19.0,.141,.530,12.0,76.7,.179
NYL,22,2024-07-10,CON,W,71,68,97.6,93.5,72.7,.281,.228,.554,48.5,78.6,6.9,12.0,.518,12.3,3.4,.211,.403,10.8,82.1,.209
NYL,23,2024-07-11,CHI,W,91,76,121.2,101.2,75.1,.317,.365,.634,45.5,83.3,10.7,12.5,.579,8.9,13.3,.286,.486,13.5,72.2,.054
NYL,24,2024-07-13,CHI,W,81,67,110.8,91.6,73.2,.197,.507,.525,40.6,70.0,9.6,11.1,.500,6.1,12.1,.141,.457,16.5,66.7,.058
NYL,25,2024-07-16,CON,W,82,74,105.6,95.3,77.7,.339,.458,.605,49.2,73.1,12.9,8.3,.534,21.0,20.7,.322,.439,14.7,75.0,.242
NYL,26,2024-08-15,LAS,W,103,68,123.8,81.8,83.2,.178,.411,.654,56.7,79.5,15.6,10.9,.637,14.2,24.1,.137,.406,21.6,81.6,.250
NYL,27,2024-08-17,LVA,W,79,67,103.4,87.7,76.4,.162,.419,.498,60.5,50.0,9.2,14.7,.459,13.1,31.7,.149,.438,12.5,94.3,.154
NYL,28,2024-08-20,DAL,W,94,74,114.5,90.1,82.1,.324,.378,.556,62.7,73.5,8.5,4.4,.514,15.1,42.4,.243,.447,19.1,78.6,.227
NYL,29,2024-08-22,DAL,W,79,71,101.3,91.0,78.0,.299,.377,.453,54.8,77.8,14.1,3.6,.396,10.3,36.2,.234,.449,15.8,78.4,.130
NYL,30,2024-08-24,CON,L,64,72,82.7,93.0,77.4,.185,.492,.455,54.3,79.2,7.8,11.9,.423,20.4,27.5,.138,.431,10.2,80.5,.139
NYL,31,2024-08-26,PHO,W,84,70,104.3,86.9,80.5,.229,.414,.545,50.8,72.4,14.9,6.7,.500,14.4,20.0,.200,.500,22.5,78.8,.045
NYL,32,2024-08-28,LAS,L,88,94,108.1,115.5,81.4,.302,.444,.617,53.3,78.1,4.9,10.6,.587,21.0,23.3,.222,.574,11.4,83.3,.235
NYL,33,2024-08-30,SEA,W,98,85,135.7,117.7,72.2,.299,.388,.646,72.6,67.6,5.5,4.2,.597,17.4,60.7,.269,.500,6.1,82.4,.197
NYL,34,2024-09-05,SEA,W,77,70,102.7,93.4,75.0,.186,.386,.508,53.5,88.9,10.7,20.0,.471,13.7,28.6,.157,.471,15.2,77.8,.057
NYL,35,2024-09-08,LVA,W,75,71,98.6,93.3,76.1,.319,.348,.477,59.1,77.8,10.5,16.1,.428,12.3,28.6,.232,.477,13.9,93.5,.156
NYL,36,2024-09-10,DAL,W,105,91,127.8,110.8,82.2,.200,.414,.689,51.7,86.8,6.1,6.3,.657,12.6,17.9,.186,.514,12.0,83.3,.236
NYL,37,2024-09-12,DAL,W,99,67,122.5,82.9,80.8,.377,.435,.615,54.8,75.8,12.4,7.5,.565,11.1,25.0,.304,.394,16.1,78.0,.155
NYL,38,2024-09-15,MIN,L,79,88,105.8,117.9,74.7,.333,.406,.499,49.3,63.0,10.7,10.4,.449,12.2,34.1,.246,.598,17.5,70.0,.136
NYL,39,2024-09-17,WAS,W,87,71,109.2,89.1,79.7,.200,.413,.533,60.8,70.6,11.3,14.3,.507,11.9,31.6,.147,.451,18.7,91.7,.262
NYL,40,2024-09-19,ATL,L,67,78,92.0,107.1,72.8,.283,.283,.496,44.4,70.8,11.0,12.2,.467,20.1,25.7,.183,.540,16.9,67.9,.177
PHO,1,2024-05-14,LVA,L,80,89,97.9,108.9,81.7,.132,.474,.498,50.0,72.4,7.3,14.3,.480,15.7,25.6,.092,.451,9.7,77.1,.352
PHO,2,2024-05-18,ATL,W,88,85,107.3,103.6,82.0,.485,.348,.549,53.5,63.0,12.2,11.6,.455,13.0,21.2,.424,.485,14.3,81.6,.318
PHO,3,2024-05-21,LVA,W,98,88,116.8,104.9,83.9,.167,.423,.585,50.0,62.2,8.3,14.9,.577,7.7,15.8,.103,.494,9.6,82.5,.141
PHO,4,2024-05-23,WAS,W,83,80,101.4,97.7,81.8,.400,.550,.588,48.6,76.9,11.0,11.8,.517,18.5,12.9,.350,.479,18.1,76.9,.186
PHO,5,2024-05-25,DAL,L,92,107,106.3,123.7,86.5,.227,.467,.558,39.7,83.9,8.1,10.9,.507,18.7,25.0,.213,.587,17.6,54.8,.253
PHO,6,2024-05-28,CON,L,47,70,60.6,90.2,77.6,.349,.429,.323,53.1,80.0,9.0,17.0,.246,21.6,30.8,.254,.383,9.6,73.8,.143
PHO,7,2024-05-29,NYL,L,78,81,105.0,109.0,74.3,.191,.441,.529,46.6,62.1,8.1,5.6,.500,11.9,21.1,.147,.478,11.6,74.3,.235
PHO,8,2024-05-31,MIN,L,71,95,96.8,129.5,73.3,.290,.452,.508,50.0,66.7,8.2,5.3,.460,18.6,27.8,.226,.589,7.1,72.2,.123
PHO,9,2024-06-02,LAS,W,87,68,111.8,87.4,77.8,.303,.439,.582,52.4,71.4,14.1,13.5,.530,15.8,22.6,.258,.475,21.3,81.3,.183
PHO,10,2024-06-04,SEA,L,62,80,74.7,96.4,83.0,.250,.338,.411,44.0,56.5,8.4,8.7,.368,14.7,8.1,.176,.464,15.2,78.9,.232
PHO,11,2024-06-07,MIN,W,81,80,101.1,99.9,80.1,.257,.371,.520,52.0,62.1,7.5,18.4,.479,15.2,25.6,.200,.493,14.5,80.6,.125
PHO,12,2024-06-09,DAL,W,97,90,103.7,96.2,74.8,.238,.413,.549,44.6,67.6,9.6,9.1,.519,18.5,25.0,.175,.513,20.0,69.0,.128
PHO,13,2024-06-13,LVA,L,99,103,121.3,126.2,81.6,.208,.347,.630,38.3,66.7,6.1,12.8,.597,13.2,13.8,.181,.572,14.9,61.3,.348
PHO,14,2024-06-16,SEA,W,87,78,107.2,96.1,81.2,.306,.290,.618,50.7,77.4,6.2,10.2,.556,17.6,10.3,.290,.420,9.7,77.3,.200
PHO,15,2024-06-18,NYL,W,99,93,116.8,109.7,84.7,.145,.435,.674,45.6,63.2,8.3,8.8,.659,18.8,13.3,.116,.539,16.3,71.1,.145
PHO,16,2024-06-22,MIN,L,60,73,74.5,90.7,80.5,.162,.459,.378,41.3,60.9,9.9,12.5,.358,14.1,15.2,.095,.484,17.7,82.8,.210
PHO,17,2024-06-28,LAS,W,92,78,116.8,99.0,78.7,.333,.304,.581,62.9,54.3,11.4,14.3,.558,15.9,40.6,.217,.540,17.7,86.7,.159
PHO,18,2024-06-30,IND,L,82,88,101.6,109.1,80.7,.353,.412,.522,40.0,66.7,11.2,2.9,.456,13.3,15.4,.294,.508,15.4,71.0,.381
PHO,19,2024-07-01,CON,L,72,83,106.3,122.5,67.7,.300,.283,.530,32.7,73.1,7.4,5.1,.458,8.1,7.4,.283,.517,13.7,57.1,.373
PHO,20,2024-07-03,DAL,W,104,96,135.9,125.4,76.5,.354,.354,.692,41.4,61.1,7.8,6.0,.638,10.7,19.2,.323,.530,10.9,59.4,.373
PHO,,,,,,,Advanced,Advanced,Advanced,Advanced,Advanced,Advanced,Advanced,Advanced,Advanced,Advanced,Offensive Four Factors,Offensive Four Factors,Offensive Four Factors,Offensive Four Factors,Defensive Four Factors,Defensive Four Factors,Defensive Four Factors,Defensive Four Factors
PHO,Rk,Date,Opp,W/L,Tm,Opp,ORtg,DRtg,Pace,FTr,3PAr,TS%,TRB%,AST%,STL%,BLK%,eFG%,TOV%,ORB%,FT/FGA,eFG%,TOV%,DRB%,FT/FGA
PHO,21,2024-07-07,LAS,W,84,78,107.3,99.6,78.2,.475,.356,.589,56.7,59.3,3.8,9.8,.517,18.3,26.9,.390,.420,9.7,75.6,.200
PHO,22,2024-07-10,DAL,W,100,84,131.8,110.7,75.9,.361,.344,.707,45.8,66.7,10.5,13.3,.664,13.5,17.4,.311,.555,16.3,72.0,.203
PHO,23,2024-07-12,IND,L,86,95,103.6,114.4,83.0,.329,.414,.537,41.7,62.1,8.4,12.0,.486,12.1,20.6,.257,.519,15.5,60.5,.136
PHO,24,2024-07-14,CON,L,69,96,91.7,127.5,75.2,.145,.362,.470,42.9,57.1,4.0,15.4,.457,17.0,28.2,.087,.538,7.4,57.9,.154
PHO,25,2024-07-16,WAS,W,96,87,123.7,112.1,77.7,.323,.277,.647,48.4,62.9,10.3,15.4,.600,10.8,19.4,.277,.528,13.4,75.8,.153
PHO,26,2024-08-15,CHI,W,85,65,119.6,91.4,71.1,.186,.390,.666,50.7,78.8,7.0,18.5,.661,15.8,21.7,.119,.397,12.2,65.9,.096
PHO,27,2024-08-16,IND,L,89,98,111.1,122.4,80.1,.467,.600,.615,44.3,64.0,8.7,7.9,.533,13.2,8.8,.417,.554,10.9,77.8,.216
PHO,28,2024-08-18,CHI,W,86,68,113.1,89.4,76.1,.500,.371,.568,48.2,75.0,6.6,6.3,.508,11.7,25.0,.371,.359,9.4,65.3,.154
PHO,29,2024-08-21,ATL,L,63,72,88.7,101.4,71.0,.164,.311,.482,41.3,62.5,5.6,7.1,.443,14.4,8.8,.148,.404,9.1,65.2,.178
PHO,30,2024-08-23,ATL,W,82,80,107.1,104.5,76.6,.242,.258,.561,50.0,71.9,5.2,11.4,.530,14.1,20.6,.182,.459,9.1,76.3,.162
PHO,31,2024-08-26,NYL,L,70,84,86.9,104.3,80.5,.060,.328,.509,49.2,48.4,8.7,9.8,.500,22.5,21.2,.045,.500,14.4,80.0,.200
PHO,32,2024-08-28,MIN,L,76,89,94.9,111.2,80.1,.338,.338,.486,48.7,57.7,8.7,6.5,.434,19.6,32.5,.250,.535,15.0,66.7,.167
PHO,33,2024-09-01,LVA,L,79,97,100.7,123.7,78.4,.295,.361,.573,40.7,79.3,11.5,5.9,.533,17.9,12.1,.230,.644,15.2,76.9,.182
PHO,34,2024-09-03,ATL,W,74,66,98.2,87.6,75.3,.473,.455,.557,53.2,78.3,9.3,9.3,.473,20.4,24.1,.400,.404,14.9,78.8,.162
PHO,35,2024-09-05,WAS,L,77,90,98.5,115.2,78.2,.250,.441,.510,52.4,81.5,5.1,12.5,.463,18.4,26.5,.206,.632,14.6,82.8,.059
PHO,36,2024-09-07,SEA,L,66,90,88.7,121.0,74.4,.136,.439,.472,42.5,83.3,5.4,7.7,.439,15.7,18.4,.121,.500,6.4,64.3,.071
PHO,37,2024-09-13,CON,L,69,88,89.7,114.4,76.9,.153,.458,.449,46.5,70.4,5.2,14.3,.417,8.3,16.7,.125,.493,7.8,77.1,.187
PHO,38,2024-09-15,CHI,W,93,88,123.9,117.3,75.1,.258,.364,.633,44.8,80.6,5.3,4.3,.614,9.8,10.3,.182,.542,8.2,71.1,.139
PHO,39,2024-09-17,LAS,W,85,81,112.5,107.2,75.5,.344,.438,.577,33.8,73.3,14.6,18.0,.523,12.0,21.2,.281,.392,16.4,43.9,.193
PHO,40,2024-09-19,SEA,L,70,89,90.8,115.5,77.1,.365,.413,.479,44.6,79.2,10.4,2.4,.429,13.1,16.7,.254,.532,10.9,71.1,.077
SEA,1,2024-05-14,MIN,L,70,83,81.5,96.7,85.8,.179,.115,.416,52.4,48.3,11.6,9.8,.378,16.8,30.4,.141,.500,17.7,80.6,.107
SEA,2,2024-05-17,MIN,L,93,102,89.6,98.3,83.1,.372,.256,.512,50.0,61.3,19.3,16.3,.429,20.9,22.0,.333,.525,23.1,76.7,.241
SEA,3,2024-05-19,WAS,W,84,75,102.6,91.6,81.9,.426,.294,.520,59.7,35.7,12.2,5.6,.449,19.8,37.8,.338,.476,18.2,82.9,.258
SEA,4,2024-05-20,NYL,L,63,74,83.1,97.6,75.8,.200,.343,.414,48.6,66.7,10.6,7.5,.386,15.5,29.3,.129,.437,17.3,75.9,.302
SEA,5,2024-05-22,IND,W,85,83,113.2,110.6,75.1,.159,.244,.484,50.6,58.8,8.0,18.0,.451,8.4,38.6,.134,.472,12.1,64.9,.208
SEA,6,2024-05-25,WAS,W,101,69,132.6,90.6,76.2,.300,.367,.744,55.0,73.0,7.9,12.0,.717,19.1,25.0,.250,.393,15.5,70.0,.200
SEA,7,2024-05-28,CHI,W,77,68,94.6,83.5,81.4,.281,.234,.535,46.4,60.7,16.0,14.8,.477,20.0,18.2,.250,.439,22.6,72.2,.152
SEA,8,2024-05-30,IND,W,103,88,126.3,107.9,81.6,.187,.253,.635,47.1,69.0,11.0,15.6,.613,7.9,13.3,.147,.486,14.0,73.7,.286
SEA,9,2024-06-04,PHO,W,80,62,96.4,74.7,83.0,.304,.333,.511,56.0,71.4,12.0,8.9,.464,15.2,21.1,.232,.368,14.7,91.9,.176
SEA,10,2024-06-07,LVA,W,78,65,91.7,76.4,85.1,.306,.278,.477,54.4,73.1,8.2,14.6,.403,12.8,15.4,.278,.366,15.7,92.5,.239
SEA,11,2024-06-09,MIN,L,64,83,83.8,108.7,76.4,.173,.293,.396,48.6,46.2,11.8,23.7,.373,13.9,31.8,.107,.550,18.8,76.9,.283
SEA,12,2024-06-11,LAS,W,95,79,120.4,100.1,78.9,.228,.278,.546,57.7,54.1,5.1,20.4,.519,9.4,36.1,.165,.435,12.1,76.2,.275
SEA,13,2024-06-13,DAL,W,92,84,118.6,108.2,77.6,.203,.290,.612,48.1,72.2,15.5,11.5,.572,12.8,26.9,.188,.523,20.8,67.9,.246
SEA,14,2024-06-16,PHO,L,78,87,96.1,107.2,81.2,.280,.347,.463,49.3,62.1,13.5,9.1,.420,9.7,22.7,.200,.556,17.6,89.7,.290
SEA,15,2024-06-19,LVA,L,83,94,100.0,113.3,83.0,.271,.229,.530,52.5,67.7,13.3,2.3,.471,16.1,21.2,.243,.619,16.2,89.3,.254
SEA,16,2024-06-23,CON,W,72,61,96.6,81.8,74.5,.250,.250,.507,47.9,85.2,17.4,7.5,.453,16.5,23.5,.219,.388,15.8,69.2,.134
SEA,17,2024-06-27,IND,W,89,77,113.9,98.6,78.1,.243,.357,.574,38.0,84.4,17.9,10.9,.529,9.4,14.3,.214,.508,21.5,61.1,.169
SEA,18,2024-06-29,DAL,W,97,76,118.0,92.5,82.2,.462,.262,.620,52.2,68.8,13.4,11.5,.531,15.2,29.4,.431,.500,19.1,75.8,.086
SEA,19,2024-07-01,DAL,W,95,71,121.3,90.7,78.3,.380,.352,.573,51.6,68.8,14.0,6.7,.507,14.5,32.4,.324,.452,17.6,73.3,.242
SEA,20,2024-07-05,CHI,L,84,88,109.4,114.6,76.8,.394,.288,.542,42.2,80.0,9.1,15.5,.477,14.4,25.8,.318,.507,11.9,57.6,.208
SEA,,,,,,,Advanced,Advanced,Advanced,Advanced,Advanced,Advanced,Advanced,Advanced,Advanced,Advanced,Offensive Four Factors,Offensive Four Factors,Offensive Four Factors,Offensive Four Factors,Defensive Four Factors,Defensive Four Factors,Defensive Four Factors,Defensive Four Factors
SEA,Rk,Date,Opp,W/L,Tm,Opp,ORtg,DRtg,Pace,FTr,3PAr,TS%,TRB%,AST%,STL%,BLK%,eFG%,TOV%,ORB%,FT/FGA,eFG%,TOV%,DRB%,FT/FGA
SEA,21,2024-07-07,CHI,W,84,71,106.2,89.8,79.1,.348,.275,.528,48.6,82.8,5.1,10.9,.464,11.2,20.6,.290,.391,10.7,72.5,.128
SEA,22,2024-07-10,LVA,L,79,84,94.5,100.5,83.6,.208,.221,.470,51.3,61.3,4.8,2.1,.422,13.4,22.7,.182,.464,10.3,88.2,.271
SEA,23,2024-07-12,MIN,W,91,63,119.2,82.5,76.3,.239,.366,.580,55.7,87.9,10.5,9.4,.528,12.3,30.3,.225,.363,17.2,78.4,.290
SEA,24,2024-07-14,ATL,W,81,70,102.3,88.4,79.2,.240,.373,.488,47.3,90.0,16.4,12.5,.433,11.7,27.8,.213,.404,16.7,65.8,.151
SEA,25,2024-07-16,LAS,W,89,83,113.9,106.2,78.2,.382,.338,.560,48.6,67.7,14.1,14.0,.507,14.1,32.4,.294,.478,16.0,65.7,.246
SEA,26,2024-08-16,ATL,L,81,83,99.9,102.3,81.1,.171,.314,.538,42.2,43.8,12.3,4.3,.500,15.7,17.6,.157,.524,20.6,70.0,.270
SEA,27,2024-08-18,IND,L,75,92,91.7,112.5,81.7,.222,.292,.474,42.7,53.6,7.3,14.3,.438,13.2,12.8,.167,.568,12.2,75.0,.123
SEA,28,2024-08-20,WAS,W,83,77,94.9,88.0,87.5,.429,.329,.499,48.1,55.6,11.4,12.5,.407,16.1,23.7,.371,.444,21.5,70.7,.181
SEA,29,2024-08-26,WAS,L,72,74,91.6,94.2,78.6,.149,.324,.457,44.0,71.4,15.3,12.8,.426,13.2,21.4,.122,.507,20.3,72.7,.074
SEA,30,2024-08-28,ATL,W,85,81,104.5,99.6,81.3,.250,.236,.532,50.7,61.3,7.4,9.6,.486,8.1,14.7,.208,.479,14.2,82.1,.151
SEA,31,2024-08-30,NYL,L,85,98,117.7,135.7,72.2,.211,.324,.548,27.4,57.6,12.5,7.3,.500,6.1,17.6,.197,.597,17.4,39.3,.269
SEA,32,2024-09-01,CON,L,86,93,107.5,116.2,80.0,.338,.296,.527,49.2,73.3,11.2,6.0,.451,12.8,28.1,.310,.568,15.6,71.0,.441
SEA,33,2024-09-03,CON,W,71,64,95.0,85.6,74.7,.242,.274,.517,50.8,75.9,10.7,18.6,.492,15.9,11.5,.161,.457,18.6,80.0,.190
SEA,34,2024-09-05,NYL,L,70,77,93.4,102.7,75.0,.086,.286,.482,46.5,53.3,6.7,14.0,.471,15.2,22.2,.057,.471,13.7,71.4,.157
SEA,35,2024-09-07,PHO,W,90,66,121.0,88.7,74.4,.083,.381,.517,57.5,72.2,10.8,8.1,.500,6.4,35.7,.071,.439,15.7,81.6,.121
SEA,36,2024-09-11,LAS,W,90,82,114.5,104.4,78.6,.271,.271,.574,41.5,66.7,14.0,20.8,.514,7.1,8.6,.257,.546,15.4,80.0,.169
SEA,37,2024-09-13,DAL,W,83,81,96.2,93.9,86.2,.135,.284,.529,43.2,67.6,12.7,6.7,.493,16.9,15.6,.135,.410,17.2,64.3,.218
SEA,38,2024-09-15,LAS,W,90,87,110.9,107.2,81.2,.310,.310,.558,47.1,57.6,16.0,5.3,.500,15.7,32.4,.268,.473,16.4,61.8,.247
SEA,39,2024-09-17,LVA,L,72,85,99.1,116.9,72.7,.175,.143,.531,48.3,70.0,9.6,2.5,.492,14.0,12.5,.159,.608,12.0,89.3,.200
SEA,40,2024-09-19,PHO,W,89,70,115.5,90.8,77.1,.103,.462,.546,55.4,77.1,6.5,5.4,.532,10.9,28.9,.077,.429,13.1,83.3,.254
WAS,1,2024-05-14,NYL,L,80,85,97.8,104.0,81.7,.141,.410,.483,48.6,71.0,11.0,17.5,.462,12.7,26.3,.103,.529,19.4,75.0,.191
WAS,2,2024-05-17,CON,L,77,84,98.4,107.4,78.2,.241,.379,.600,49.1,78.6,7.7,8.3,.560,23.8,16.0,.207,.441,11.2,75.0,.353
WAS,3,2024-05-19,SEA,L,75,84,91.6,102.6,81.9,.371,.419,.520,40.3,80.0,11.0,8.3,.476,18.2,17.1,.258,.449,19.8,62.2,.338
WAS,4,2024-05-21,LAS,L,68,70,87.0,89.5,78.2,.172,.391,.494,45.9,77.8,16.6,8.8,.484,20.7,22.2,.094,.545,28.0,80.0,.182
WAS,5,2024-05-23,PHO,L,80,83,97.7,101.4,81.8,.229,.514,.519,51.4,77.8,8.6,3.7,.479,18.1,23.1,.186,.517,18.5,87.1,.350
WAS,6,2024-05-25,SEA,L,69,101,90.6,132.6,76.2,.214,.286,.450,45.0,54.2,9.2,0.0,.393,15.5,30.0,.200,.717,19.1,75.0,.250
WAS,7,2024-05-29,ATL,L,67,73,84.4,92.0,79.4,.095,.365,.435,46.3,77.8,7.6,7.3,.405,14.4,22.5,.095,.468,19.3,81.5,.242
WAS,8,2024-05-31,NYL,L,79,90,98.7,112.4,80.1,.367,.300,.567,46.9,78.6,8.7,3.2,.525,16.7,10.3,.267,.532,15.4,77.1,.365
WAS,9,2024-06-04,CON,L,59,76,82.4,106.1,71.7,.234,.453,.418,54.4,65.0,5.6,7.1,.359,18.5,34.2,.203,.526,14.8,80.0,.281
WAS,10,2024-06-06,CHI,L,71,79,82.4,91.6,86.2,.313,.266,.488,47.4,74.1,8.1,10.8,.453,24.8,20.6,.203,.386,12.8,69.0,.228
WAS,11,2024-06-07,IND,L,83,85,104.4,106.9,79.5,.181,.472,.534,55.9,71.0,11.3,3.7,.521,16.2,26.5,.111,.581,17.8,85.3,.210
WAS,12,2024-06-09,NYL,L,88,93,111.5,117.8,78.9,.179,.418,.609,35.5,78.8,8.9,5.3,.582,14.2,12.9,.149,.569,22.2,58.1,.292
WAS,13,2024-06-11,ATL,W,87,68,118.1,92.3,73.7,.169,.477,.623,54.3,80.6,4.1,6.8,.608,13.6,17.2,.123,.418,9.6,80.5,.179
WAS,14,2024-06-14,CHI,W,83,81,101.4,99.0,81.8,.359,.469,.560,51.4,71.4,8.6,9.4,.500,19.5,21.9,.297,.485,15.4,76.3,.258
WAS,15,2024-06-19,IND,L,81,88,105.3,114.4,76.9,.214,.486,.529,45.6,89.7,7.8,10.5,.493,12.6,17.9,.171,.574,12.3,82.8,.295
WAS,16,2024-06-22,DAL,W,97,69,116.1,82.6,83.5,.286,.371,.615,52.0,76.5,10.8,0.0,.564,14.2,20.6,.257,.432,22.3,78.0,.182
WAS,17,2024-06-23,DAL,W,92,84,120.4,109.9,76.4,.286,.429,.649,40.6,87.1,9.2,5.0,.603,14.5,12.5,.254,.493,15.4,64.9,.250
WAS,18,2024-06-27,CON,L,91,94,104.2,107.7,77.6,.221,.412,.610,50.8,74.3,3.4,10.9,.596,23.6,16.0,.147,.500,10.5,75.0,.288
WAS,19,2024-06-29,LVA,L,77,88,98.7,112.8,78.1,.169,.369,.551,46.0,85.7,7.7,7.9,.515,16.7,14.7,.154,.548,14.0,82.8,.302
WAS,20,2024-07-02,LAS,W,82,80,109.6,106.9,74.8,.149,.388,.574,50.0,68.8,6.7,6.7,.567,14.4,19.4,.090,.575,17.1,78.8,.183
WAS,,,,,,,Advanced,Advanced,Advanced,Advanced,Advanced,Advanced,Advanced,Advanced,Advanced,Advanced,Offensive Four Factors,Offensive Four Factors,Offensive Four Factors,Offensive Four Factors,Defensive Four Factors,Defensive Four Factors,Defensive Four Factors,Defensive Four Factors
WAS,Rk,Date,Opp,W/L,Tm,Opp,ORtg,DRtg,Pace,FTr,3PAr,TS%,TRB%,AST%,STL%,BLK%,eFG%,TOV%,ORB%,FT/FGA,eFG%,TOV%,DRB%,FT/FGA
WAS,21,2024-07-04,LVA,L,77,98,93.0,118.4,82.7,.286,.314,.489,43.8,85.2,9.7,9.8,.450,16.0,20.0,.200,.680,20.7,83.3,.172
WAS,22,2024-07-06,MIN,L,67,74,89.8,99.2,74.6,.217,.467,.510,45.7,76.0,9.4,2.4,.475,21.5,19.4,.167,.457,14.6,66.7,.143
WAS,23,2024-07-10,IND,W,89,84,104.9,99.0,84.8,.253,.267,.534,51.7,69.7,9.4,9.1,.487,16.1,27.0,.213,.603,24.3,91.3,.241
WAS,24,2024-07-14,LVA,L,77,89,96.1,111.0,80.2,.188,.304,.515,43.1,72.4,8.7,6.7,.507,13.8,13.2,.101,.543,13.4,76.5,.186
WAS,25,2024-07-16,PHO,L,87,96,112.1,123.7,77.7,.181,.458,.560,51.6,84.8,6.4,2.1,.528,13.4,24.2,.153,.600,10.8,80.6,.277
WAS,26,2024-08-15,MIN,L,68,79,80.3,93.2,84.7,.297,.391,.470,44.4,79.2,9.4,11.4,.430,18.1,7.7,.203,.457,14.2,87.9,.214
WAS,27,2024-08-17,MIN,L,83,99,103.8,123.8,80.0,.383,.383,.592,44.6,89.7,11.3,7.0,.558,19.5,17.2,.267,.664,17.1,74.1,.219
WAS,28,2024-08-20,SEA,L,77,83,88.0,94.9,87.5,.264,.333,.479,51.9,67.9,10.3,6.4,.444,21.5,29.3,.181,.407,16.1,76.3,.371
WAS,29,2024-08-23,LAS,W,80,74,93.5,86.5,85.6,.192,.315,.505,49.3,69.7,15.2,10.4,.486,15.0,21.6,.123,.413,18.1,77.8,.160
WAS,30,2024-08-26,SEA,W,74,72,94.2,91.6,78.6,.088,.426,.524,56.0,56.7,6.4,10.0,.507,20.3,27.3,.074,.426,13.2,78.6,.122
WAS,31,2024-08-28,CHI,W,74,70,100.0,94.6,74.0,.197,.318,.516,41.0,65.5,13.5,13.6,.500,14.3,21.2,.121,.509,24.5,64.3,.190
WAS,32,2024-08-31,CON,L,85,96,108.9,123.0,78.0,.238,.476,.611,46.3,76.7,10.3,8.1,.587,18.7,20.0,.175,.617,18.7,79.2,.367
WAS,33,2024-09-03,DAL,W,90,86,116.5,111.4,77.2,.221,.390,.533,42.9,71.0,6.5,11.1,.481,9.6,30.0,.208,.458,13.5,56.8,.278
WAS,34,2024-09-05,PHO,W,90,77,115.2,98.5,78.2,.074,.412,.641,47.6,69.4,12.8,13.2,.632,14.6,17.2,.059,.463,18.4,73.5,.206
WAS,35,2024-09-08,MIN,L,71,78,90.8,99.7,78.2,.043,.457,.498,47.9,65.5,7.7,7.1,.493,16.4,20.5,.029,.462,17.9,79.4,.258
WAS,36,2024-09-11,CHI,W,89,58,118.1,77.0,75.3,.250,.338,.590,53.6,82.4,11.9,11.3,.566,12.7,30.0,.176,.364,16.7,71.8,.100
WAS,37,2024-09-13,ATL,W,72,69,97.0,93.0,74.2,.250,.350,.541,44.6,65.4,10.8,11.3,.500,20.3,25.0,.200,.322,14.3,59.5,.301
WAS,38,2024-09-15,ATL,L,73,76,90.5,94.3,71.7,.356,.525,.535,42.6,60.9,7.4,7.1,.475,20.9,12.5,.288,.424,16.3,75.9,.303
WAS,39,2024-09-17,NYL,L,71,87,89.1,109.2,79.7,.311,.426,.512,39.2,69.6,5.0,9.1,.451,18.7,8.3,.262,.507,11.9,68.4,.147
WAS,40,2024-09-19,IND,W,92,91,112.0,110.7,82.2,.211,.479,.593,48.4,69.7,11.0,2.3,.549,15.3,21.6,.197,.609,18.5,88.0,.203
LVA,1,2024-05-14,PHO,W,89,80,108.9,97.9,81.7,.408,.408,.531,50.0,58.6,8.6,12.5,.451,9.7,22.9,.352,.480,15.7,74.4,.092
LVA,2,2024-05-18,LAS,W,89,82,108.0,99.5,82.4,.219,.425,.556,52.3,74.2,12.1,7.7,.514,13.0,26.3,.192,.553,19.0,88.9,.136
LVA,3,2024-05-21,PHO,L,88,98,104.9,116.8,83.9,.192,.397,.520,50.0,66.7,6.0,8.9,.494,9.6,17.5,.141,.577,7.7,84.2,.103
LVA,4,2024-05-25,IND,W,99,80,122.6,99.1,80.7,.247,.479,.612,50.0,68.6,8.7,9.3,.568,9.0,16.7,.219,.500,13.7,83.3,.143
LVA,5,2024-05-29,MIN,W,80,66,103.4,85.3,77.3,.194,.375,.512,53.2,76.7,7.8,12.2,.486,15.2,28.2,.139,.431,18.7,78.9,.154
LVA,6,2024-05-31,ATL,L,74,78,90.1,95.0,82.1,.290,.304,.476,47.2,72.0,7.3,11.1,.406,12.4,7.9,.261,.426,13.0,91.2,.426
LVA,7,2024-06-05,DAL,W,95,81,119.4,101.8,79.5,.286,.400,.603,45.2,58.8,12.6,10.2,.550,13.2,23.5,.257,.412,13.4,64.1,.270
LVA,8,2024-06-07,SEA,L,65,78,76.4,91.7,85.1,.284,.388,.431,45.6,61.9,8.2,19.2,.366,15.7,7.5,.239,.403,12.8,84.6,.278
LVA,9,2024-06-09,LAS,L,92,96,116.1,121.2,79.2,.353,.382,.586,39.0,56.7,8.8,15.0,.522,7.1,12.5,.309,.569,16.4,70.4,.338
LVA,10,2024-06-11,MIN,L,86,100,108.8,126.5,79.1,.419,.500,.586,55.6,67.9,5.1,2.5,.532,15.0,17.2,.323,.664,10.8,88.2,.164
LVA,11,2024-06-13,PHO,W,103,99,126.2,121.3,81.6,.362,.435,.644,61.7,51.5,7.4,4.3,.572,14.9,38.7,.348,.597,13.2,86.2,.181
LVA,12,2024-06-15,NYL,L,82,90,102.5,112.5,80.0,.159,.493,.555,45.6,74.2,3.7,7.5,.529,11.9,5.6,.130,.574,9.6,90.6,.176
LVA,13,2024-06-19,SEA,W,94,83,113.3,100.0,83.0,.333,.317,.651,47.5,71.4,13.3,7.4,.619,16.2,10.7,.254,.471,16.1,78.8,.243
LVA,14,2024-06-21,CON,W,85,74,110.5,96.2,76.9,.354,.369,.566,59.2,51.6,7.8,6.3,.523,13.8,27.8,.262,.475,12.2,91.4,.262
LVA,15,2024-06-27,CHI,W,95,83,120.9,105.7,78.6,.409,.379,.610,47.9,60.6,6.4,17.7,.568,10.4,17.6,.303,.462,6.7,74.4,.141
LVA,16,2024-06-29,WAS,W,88,77,112.8,98.7,78.1,.381,.397,.598,54.0,66.7,3.8,9.8,.548,14.0,17.2,.302,.515,16.7,85.3,.154
LVA,17,2024-07-02,IND,W,88,69,108.8,85.3,80.9,.239,.352,.561,46.3,75.0,8.7,13.7,.514,11.3,18.4,.211,.403,15.3,70.5,.091
LVA,18,2024-07-04,WAS,W,98,77,118.4,93.0,82.7,.172,.359,.712,56.3,81.6,9.7,6.3,.680,20.7,16.7,.172,.450,16.0,80.0,.200
LVA,19,2024-07-05,LAS,L,93,98,107.8,113.6,76.7,.328,.358,.606,52.4,75.0,1.2,14.5,.545,12.5,9.7,.299,.436,2.9,78.4,.267
LVA,20,2024-07-07,DAL,W,104,85,122.9,100.4,84.7,.235,.444,.582,51.9,62.2,7.1,10.7,.543,9.2,26.3,.198,.500,13.7,76.9,.118
LVA,,,,,,,Advanced,Advanced,Advanced,Advanced,Advanced,Advanced,Advanced,Advanced,Advanced,Advanced,Offensive Four Factors,Offensive Four Factors,Offensive Four Factors,Offensive Four Factors,Defensive Four Factors,Defensive Four Factors,Defensive Four Factors,Defensive Four Factors
LVA,Rk,Date,Opp,W/L,Tm,Opp,ORtg,DRtg,Pace,FTr,3PAr,TS%,TRB%,AST%,STL%,BLK%,eFG%,TOV%,ORB%,FT/FGA,eFG%,TOV%,DRB%,FT/FGA
LVA,21,2024-07-10,SEA,W,84,79,100.5,94.5,83.6,.286,.329,.533,48.7,70.0,8.4,8.3,.464,10.3,11.8,.271,.422,13.4,77.3,.182
LVA,22,2024-07-12,ATL,W,84,70,101.4,84.5,82.8,.243,.414,.542,43.4,75.9,9.7,12.1,.500,10.4,7.9,.200,.390,14.3,73.3,.130
LVA,23,2024-07-14,WAS,W,89,77,111.0,96.1,80.2,.243,.357,.574,56.9,70.6,8.7,14.6,.543,13.4,23.5,.186,.507,13.8,86.8,.101
LVA,24,2024-07-16,CHI,L,85,93,101.3,110.9,83.8,.333,.273,.562,42.6,54.8,13.1,11.9,.508,13.7,9.7,.273,.514,13.7,76.7,.264
LVA,25,2024-08-17,NYL,L,67,79,87.7,103.4,76.4,.169,.477,.480,39.5,58.3,13.1,16.3,.438,12.5,5.7,.154,.459,13.1,68.3,.149
LVA,26,2024-08-18,LAS,W,87,71,99.9,81.5,87.1,.377,.295,.612,50.0,46.7,17.2,12.8,.557,19.3,3.2,.311,.452,22.8,91.4,.242
LVA,27,2024-08-21,MIN,L,87,98,118.4,133.4,73.5,.169,.423,.570,47.5,66.7,9.5,4.4,.556,10.6,26.5,.113,.680,12.5,76.0,.172
LVA,28,2024-08-23,MIN,L,74,87,93.3,109.7,79.2,.316,.333,.570,31.5,65.4,8.8,2.9,.518,21.7,3.2,.263,.590,21.6,69.6,.246
LVA,29,2024-08-25,CHI,W,77,75,98.5,95.9,78.2,.123,.296,.451,48.4,58.1,7.7,9.0,.420,3.4,22.0,.111,.409,10.3,70.0,.098
LVA,30,2024-08-27,DAL,L,90,93,115.5,119.4,77.9,.484,.306,.598,39.4,48.4,7.7,11.1,.540,9.6,12.9,.371,.520,11.7,62.9,.200
LVA,31,2024-08-30,ATL,W,83,72,114.1,99.0,72.7,.232,.420,.546,48.8,61.3,5.5,19.0,.522,6.2,20.5,.159,.444,10.5,75.6,.127
LVA,32,2024-09-01,PHO,W,97,79,123.7,100.7,78.4,.227,.485,.668,59.3,86.5,12.7,5.1,.644,15.2,23.1,.182,.533,17.9,87.9,.230
LVA,33,2024-09-03,CHI,W,90,71,117.3,92.5,76.7,.344,.393,.641,51.7,78.1,15.6,14.3,.590,14.6,17.9,.295,.475,19.9,81.3,.233
LVA,34,2024-09-06,CON,W,72,67,93.8,87.3,76.7,.292,.308,.491,50.0,68.0,11.7,5.0,.431,16.0,20.0,.246,.473,22.1,83.9,.250
LVA,35,2024-09-08,NYL,L,71,75,93.3,98.6,76.1,.156,.516,.519,40.9,78.3,9.2,8.9,.477,13.9,6.5,.156,.428,12.3,71.4,.232
LVA,36,2024-09-11,IND,W,86,75,106.7,93.1,80.6,.243,.314,.555,50.0,64.5,7.4,12.8,.514,9.4,18.2,.200,.445,14.9,80.0,.137
LVA,37,2024-09-13,IND,W,78,74,93.7,88.9,83.2,.257,.429,.501,47.0,78.6,8.4,10.3,.464,10.4,3.0,.186,.508,17.5,90.9,.177
LVA,38,2024-09-15,CON,W,84,71,115.4,97.6,72.7,.085,.338,.570,49.3,68.6,6.9,8.9,.563,7.5,12.9,.056,.469,10.1,80.6,.172
LVA,39,2024-09-17,SEA,W,85,72,116.9,99.1,72.7,.233,.333,.642,51.7,56.3,6.9,3.7,.608,12.0,10.7,.200,.492,14.0,87.5,.159
LVA,40,2024-09-19,DAL,W,98,84,120.6,103.4,81.2,.213,.493,.597,53.5,62.9,9.8,14.0,.567,11.8,27.8,.173,.493,14.2,80.0,.214
