Team,team_per_game_G,team_per_game_MP,team_per_game_FG,team_per_game_FGA,team_per_game_FG%,team_per_game_3P,team_per_game_3PA,team_per_game_3P%,team_per_game_2P,team_per_game_2PA,team_per_game_2P%,team_per_game_FT,team_per_game_FTA,team_per_game_FT%,team_per_game_ORB,team_per_game_DRB,team_per_game_TRB,team_per_game_AST,team_per_game_STL,team_per_game_BLK,team_per_game_TOV,team_per_game_PF,team_per_game_PTS,team_per_game_table_id,year,opp_per_game_G,opp_per_game_MP,opp_per_game_FG,opp_per_game_FGA,opp_per_game_FG%,opp_per_game_3P,opp_per_game_3PA,opp_per_game_3P%,opp_per_game_2P,opp_per_game_2PA,opp_per_game_2P%,opp_per_game_FT,opp_per_game_FTA,opp_per_game_FT%,opp_per_game_ORB,opp_per_game_DRB,opp_per_game_TRB,opp_per_game_AST,opp_per_game_STL,opp_per_game_BLK,opp_per_game_TOV,opp_per_game_PF,opp_per_game_PTS,opp_per_game_table_id,team_totals_G,team_totals_MP,team_totals_FG,team_totals_FGA,team_totals_FG%,team_totals_3P,team_totals_3PA,team_totals_3P%,team_totals_2P,team_totals_2PA,team_totals_2P%,team_totals_FT,team_totals_FTA,team_totals_FT%,team_totals_ORB,team_totals_DRB,team_totals_TRB,team_totals_AST,team_totals_STL,team_totals_BLK,team_totals_TOV,team_totals_PF,team_totals_PTS,team_totals_table_id,opp_totals_G,opp_totals_MP,opp_totals_FG,opp_totals_FGA,opp_totals_FG%,opp_totals_3P,opp_totals_3PA,opp_totals_3P%,opp_totals_2P,opp_totals_2PA,opp_totals_2P%,opp_totals_FT,opp_totals_FTA,opp_totals_FT%,opp_totals_ORB,opp_totals_DRB,opp_totals_TRB,opp_totals_AST,opp_totals_STL,opp_totals_BLK,opp_totals_TOV,opp_totals_PF,opp_totals_PTS,opp_totals_table_id,team_per_poss_G,team_per_poss_MP,team_per_poss_FG,team_per_poss_FGA,team_per_poss_FG%,team_per_poss_3P,team_per_poss_3PA,team_per_poss_3P%,team_per_poss_2P,team_per_poss_2PA,team_per_poss_2P%,team_per_poss_FT,team_per_poss_FTA,team_per_poss_FT%,team_per_poss_ORB,team_per_poss_DRB,team_per_poss_TRB,team_per_poss_AST,team_per_poss_STL,team_per_poss_BLK,team_per_poss_TOV,team_per_poss_PF,team_per_poss_PTS,team_per_poss_table_id,opp_per_poss_G,opp_per_poss_MP,opp_per_poss_FG,opp_per_poss_FGA,opp_per_poss_FG%,opp_per_poss_3P,opp_per_poss_3PA,opp_per_poss_3P%,opp_per_poss_2P,opp_per_poss_2PA,opp_per_poss_2P%,opp_per_poss_FT,opp_per_poss_FTA,opp_per_poss_FT%,opp_per_poss_ORB,opp_per_poss_DRB,opp_per_poss_TRB,opp_per_poss_AST,opp_per_poss_STL,opp_per_poss_BLK,opp_per_poss_TOV,opp_per_poss_PF,opp_per_poss_PTS,opp_per_poss_table_id,Rk_x,G_x,MP_x,FG%_x,Dist._x,Unnamed: 6_level_1_x,% of FGA by Distance_2P_x,% of FGA by Distance_0-3_x,% of FGA by Distance_3-10_x,% of FGA by Distance_10-16_x,% of FGA by Distance_16-3P_x,% of FGA by Distance_3P_x,Unnamed: 13_level_1_x,FG% by Distance_2P_x,FG% by Distance_0-3_x,FG% by Distance_3-10_x,FG% by Distance_10-16_x,FG% by Distance_16-3P_x,FG% by Distance_3P_x,Unnamed: 20_level_1_x,% of FG Ast'd_2P_x,% of FG Ast'd_3P_x,Unnamed: 23_level_1_x,Corner_%3PA_x,Corner_3P%_x,table_id_x,Rk_y,G_y,MP_y,FG%_y,Dist._y,Unnamed: 6_level_1_y,% of FGA by Distance_2P_y,% of FGA by Distance_0-3_y,% of FGA by Distance_3-10_y,% of FGA by Distance_10-16_y,% of FGA by Distance_16-3P_y,% of FGA by Distance_3P_y,Unnamed: 13_level_1_y,FG% by Distance_2P_y,FG% by Distance_0-3_y,FG% by Distance_3-10_y,FG% by Distance_10-16_y,FG% by Distance_16-3P_y,FG% by Distance_3P_y,Unnamed: 20_level_1_y,% of FG Ast'd_2P_y,% of FG Ast'd_3P_y,Unnamed: 23_level_1_y,Corner_%3PA_y,Corner_3P%_y,table_id_y,team_advanced_Age,team_advanced_W,team_advanced_L,team_advanced_PW,team_advanced_PL,team_advanced_MOV,team_advanced_SOS,team_advanced_SRS,team_advanced_ORtg,team_advanced_DRtg,team_advanced_NRtg,team_advanced_Pace,team_advanced_FTr,team_advanced_3PAr,team_advanced_TS%,team_advanced_nan,team_advanced_eFG%,team_advanced_TOV%,team_advanced_ORB%,team_advanced_FT/FGA,team_advanced_nan,team_advanced_eFG%,team_advanced_TOV%,team_advanced_DRB%,team_advanced_FT/FGA,team_advanced_nan,team_advanced_Arena,team_advanced_advanced-team
Atlanta Dream,22.0,202.3,31.4,71.0,0.442,5.9,16.9,0.35,25.5,54.2,0.471,12.2,16.1,0.758,9.0,25.8,34.9,16.9,6.9,3.3,14.4,18.5,81.0,per_game-team,2020,22.0,202.3,31.8,69.7,0.457,7.9,22.7,0.348,23.9,47.0,0.509,16.1,19.7,0.816,8.3,26.8,35.0,20.0,8.3,3.8,12.9,16.7,87.6,per_game-opponent,22.0,4450.0,691.0,1563.0,0.442,130.0,371.0,0.35,561.0,1192.0,0.471,269.0,355.0,0.758,199.0,568.0,767.0,371.0,152.0,73.0,316.0,408.0,1781.0,totals-team,22.0,4450.0,700.0,1533.0,0.457,174.0,500.0,0.348,526.0,1033.0,0.509,354.0,434.0,0.816,182.0,589.0,771.0,441.0,182.0,84.0,283.0,368.0,1928.0,totals-opponent,22.0,4450.0,38.8,87.8,0.442,7.3,20.9,0.35,31.5,67.0,0.471,15.1,20.0,0.758,11.2,31.9,43.1,20.9,8.5,4.1,17.8,22.9,100.1,per_poss-team,22.0,4450.0,39.3,86.2,0.457,9.8,28.1,0.348,29.6,58.1,0.509,19.9,24.4,0.816,10.2,33.1,43.3,24.8,10.2,4.7,15.9,20.7,108.4,per_poss-opponent,1.0,22.0,4450.0,0.442,13.1,,0.763,0.13,0.311,0.154,0.168,0.237,,0.471,0.621,0.5,0.363,0.399,0.35,,0.472,0.815,,0.094,0.343,shooting-team,1.0,22.0,4450.0,0.457,14.0,,0.674,0.121,0.321,0.106,0.125,0.326,,0.509,0.758,0.47,0.472,0.403,0.348,,0.549,0.879,,0.114,0.421,shooting-opponent,25.8,7,15,5,17,-6.68,0.56,-6.13,100.1,108.4,-8.3,80.0,.227,.237,.518,,.484,15.5,25.3,.172,,.513,14.1,75.7,.231,,IMG Academy,advanced-team
Atlanta Dream,32.0,201.6,30.6,73.5,0.417,6.1,19.8,0.31,24.5,53.7,0.456,11.3,15.7,0.72,9.7,24.4,34.1,17.4,8.9,4.6,11.0,18.4,78.7,per_game-team,2021,32.0,201.6,30.2,66.2,0.457,8.4,21.7,0.386,21.8,44.4,0.492,15.5,19.7,0.787,8.7,29.6,38.3,20.8,6.1,3.9,15.1,16.3,84.3,per_game-opponent,32.0,6450.0,980.0,2351.0,0.417,196.0,632.0,0.31,784.0,1719.0,0.456,362.0,503.0,0.72,310.0,781.0,1091.0,558.0,284.0,148.0,353.0,588.0,2518.0,totals-team,32.0,6450.0,967.0,2117.0,0.457,268.0,695.0,0.386,699.0,1422.0,0.492,496.0,630.0,0.787,279.0,948.0,1227.0,667.0,195.0,125.0,482.0,521.0,2698.0,totals-opponent,32.0,6450.0,38.7,92.7,0.417,7.7,24.9,0.31,30.9,67.8,0.456,14.3,19.8,0.72,12.2,30.8,43.0,22.0,11.2,5.8,13.9,23.2,99.3,per_poss-team,32.0,6450.0,38.1,83.5,0.457,10.6,27.4,0.386,27.6,56.1,0.492,19.6,24.8,0.787,11.0,37.4,48.4,26.3,7.7,4.9,19.0,20.5,106.4,per_poss-opponent,1.0,32.0,6450.0,0.417,13.1,,0.731,0.234,0.188,0.128,0.182,0.269,,0.456,0.593,0.413,0.389,0.372,0.31,,0.496,0.862,,0.166,0.352,shooting-team,1.0,32.0,6450.0,0.457,13.0,,0.672,0.245,0.195,0.132,0.1,0.328,,0.492,0.624,0.443,0.409,0.373,0.386,,0.607,0.907,,0.197,0.394,shooting-opponent,27.4,8,24,9,23,-5.63,0.24,-5.38,99.3,106.4,-7.1,78.6,.214,.269,.489,,.459,12.1,24.6,.154,,.520,16.8,73.7,.234,,Gateway Center,advanced-team
Atlanta Dream,36.0,201.4,28.8,68.4,0.42,7.5,21.4,0.351,21.2,47.0,0.452,13.5,17.3,0.777,8.6,26.8,35.4,17.6,7.8,3.1,15.2,19.5,78.5,per_game-team,2022,36.0,201.4,28.6,66.4,0.432,8.3,23.9,0.348,20.3,42.5,0.479,15.9,20.5,0.777,7.4,26.6,33.9,19.6,8.0,4.7,14.1,17.9,81.5,per_game-opponent,36.0,7250.0,1035.0,2463.0,0.42,271.0,771.0,0.351,764.0,1692.0,0.452,485.0,624.0,0.777,310.0,966.0,1276.0,632.0,280.0,112.0,547.0,702.0,2826.0,totals-team,36.0,7250.0,1031.0,2389.0,0.432,299.0,860.0,0.348,732.0,1529.0,0.479,573.0,737.0,0.777,265.0,956.0,1221.0,707.0,287.0,169.0,506.0,644.0,2934.0,totals-opponent,36.0,7250.0,35.9,85.5,0.42,9.4,26.8,0.351,26.5,58.7,0.452,16.8,21.7,0.777,10.8,33.5,44.3,21.9,9.7,3.9,19.0,24.4,98.1,per_poss-team,36.0,7250.0,35.8,82.9,0.432,10.4,29.8,0.348,25.4,53.1,0.479,19.9,25.6,0.777,9.2,33.2,42.4,24.5,10.0,5.9,17.6,22.4,101.8,per_poss-opponent,1.0,36.0,7250.0,0.42,13.5,,0.687,0.22,0.194,0.136,0.137,0.313,,0.452,0.612,0.392,0.353,0.376,0.351,,0.526,0.849,,0.182,0.357,shooting-team,1.0,36.0,7250.0,0.432,14.0,,0.64,0.238,0.16,0.118,0.124,0.36,,0.479,0.618,0.403,0.422,0.364,0.348,,0.612,0.866,,0.191,0.415,shooting-opponent,26.2,14,22,13,23,-3.00,0.02,-2.98,98.1,101.8,-3.7,79.5,.253,.313,.516,,.475,16.7,24.5,.197,,.494,15.7,78.5,.240,,Gateway Center Arena @ College Park,advanced-team
Atlanta Dream,40.0,201.3,29.4,68.7,0.428,6.4,19.2,0.336,23.0,49.5,0.464,17.3,22.0,0.788,8.0,28.1,36.1,18.6,6.3,4.6,13.6,19.3,82.5,per_game-team,2023,40.0,201.3,29.7,69.2,0.43,7.2,21.7,0.333,22.5,47.5,0.474,17.3,21.6,0.803,7.8,27.8,35.6,18.9,7.7,4.3,13.0,19.8,84.0,per_game-opponent,40.0,8050.0,1176.0,2747.0,0.428,257.0,766.0,0.336,919.0,1981.0,0.464,692.0,878.0,0.788,321.0,1123.0,1444.0,744.0,251.0,185.0,545.0,772.0,3301.0,totals-team,40.0,8050.0,1189.0,2766.0,0.43,289.0,868.0,0.333,900.0,1898.0,0.474,693.0,863.0,0.803,313.0,1112.0,1425.0,756.0,307.0,173.0,520.0,791.0,3360.0,totals-opponent,40.0,8050.0,36.0,84.1,0.428,7.9,23.5,0.336,28.1,60.7,0.464,21.2,26.9,0.788,9.8,34.4,44.2,22.8,7.7,5.7,16.7,23.6,101.1,per_poss-team,40.0,8050.0,36.4,84.7,0.43,8.9,26.6,0.333,27.6,58.1,0.474,21.2,26.4,0.803,9.6,34.1,43.6,23.2,9.4,5.3,15.9,24.2,102.9,per_poss-opponent,1.0,40.0,8050.0,0.428,12.5,,0.721,0.223,0.248,0.15,0.1,0.279,,0.464,0.626,0.388,0.41,0.37,0.336,,0.561,0.887,,0.166,0.244,shooting-team,1.0,40.0,8050.0,0.43,13.0,,0.686,0.219,0.246,0.119,0.102,0.314,,0.474,0.619,0.426,0.355,0.418,0.333,,0.566,0.855,,0.209,0.343,shooting-opponent,26.5,19,21,18,22,-1.48,0.47,-1.01,101.1,102.9,-1.8,81.1,.320,.279,.527,,.475,14.8,22.4,.252,,.482,14.2,78.2,.251,,Gateway Center Arena @ College Park,advanced-team
Chicago Sky,22.0,200.0,33.5,68.2,0.491,7.6,21.6,0.351,25.9,46.5,0.557,12.1,14.9,0.817,7.3,26.3,33.6,21.8,7.5,4.0,14.9,18.0,86.7,per_game-team,2020,22.0,200.0,31.5,69.5,0.454,6.9,18.6,0.368,24.6,50.8,0.485,14.2,18.3,0.777,8.1,24.1,32.2,19.6,9.1,3.3,13.7,16.3,84.1,per_game-opponent,22.0,4400.0,737.0,1500.0,0.491,167.0,476.0,0.351,570.0,1024.0,0.557,267.0,327.0,0.817,161.0,578.0,739.0,480.0,164.0,89.0,328.0,396.0,1908.0,totals-team,22.0,4400.0,693.0,1528.0,0.454,151.0,410.0,0.368,542.0,1118.0,0.485,313.0,403.0,0.777,179.0,530.0,709.0,431.0,201.0,72.0,301.0,359.0,1850.0,totals-opponent,22.0,4400.0,41.6,84.6,0.491,9.4,26.8,0.351,32.1,57.7,0.557,15.1,18.4,0.817,9.1,32.6,41.7,27.1,9.2,5.0,18.5,22.3,107.6,per_poss-team,22.0,4400.0,39.1,86.1,0.454,8.5,23.1,0.368,30.6,63.0,0.485,17.6,22.7,0.777,10.1,29.9,40.0,24.3,11.3,4.1,17.0,20.2,104.3,per_poss-opponent,2.0,22.0,4400.0,0.491,13.6,,0.683,0.137,0.305,0.121,0.119,0.317,,0.557,0.835,0.517,0.398,0.497,0.351,,0.579,0.898,,0.118,0.411,shooting-team,2.0,22.0,4400.0,0.454,13.0,,0.732,0.158,0.321,0.113,0.139,0.268,,0.485,0.669,0.458,0.366,0.432,0.368,,0.555,0.861,,0.098,0.4,shooting-opponent,27.2,12,10,13,9,2.64,-0.22,2.42,107.6,104.3,+3.3,80.7,.218,.317,.580,,.547,16.6,23.3,.178,,.503,15.0,76.4,.205,,IMG Academy,advanced-team
Chicago Sky,32.0,203.1,30.8,69.9,0.441,7.3,21.2,0.343,23.5,48.7,0.484,14.3,17.0,0.845,8.3,26.7,34.9,21.8,7.0,4.5,13.8,19.0,83.3,per_game-team,2021,32.0,203.1,30.3,69.9,0.433,6.6,18.7,0.352,23.7,51.3,0.463,14.8,19.0,0.781,9.4,26.5,35.9,18.9,7.3,4.9,14.8,16.6,81.9,per_game-opponent,32.0,6500.0,986.0,2236.0,0.441,233.0,679.0,0.343,753.0,1557.0,0.484,459.0,543.0,0.845,265.0,853.0,1118.0,697.0,225.0,144.0,441.0,609.0,2664.0,totals-team,32.0,6500.0,969.0,2237.0,0.433,210.0,597.0,0.352,759.0,1640.0,0.463,474.0,607.0,0.781,301.0,847.0,1148.0,604.0,234.0,158.0,474.0,532.0,2622.0,totals-opponent,32.0,6500.0,38.1,86.4,0.441,9.0,26.2,0.343,29.1,60.2,0.484,17.7,21.0,0.845,10.2,33.0,43.2,26.9,8.7,5.6,17.0,23.5,102.9,per_poss-team,32.0,6500.0,37.4,86.4,0.433,8.1,23.1,0.352,29.3,63.4,0.463,18.3,23.5,0.781,11.6,32.7,44.4,23.3,9.0,6.1,18.3,20.6,101.3,per_poss-opponent,2.0,32.0,6500.0,0.441,12.5,,0.696,0.275,0.212,0.106,0.103,0.304,,0.484,0.616,0.45,0.382,0.303,0.343,,0.651,0.888,,0.146,0.424,shooting-team,2.0,32.0,6500.0,0.433,12.0,,0.733,0.29,0.211,0.103,0.13,0.267,,0.463,0.575,0.439,0.348,0.341,0.352,,0.576,0.795,,0.188,0.295,shooting-opponent,28.4,16,16,18,14,1.31,-0.22,1.10,102.9,101.3,+1.6,79.6,.243,.304,.538,,.493,15.1,23.8,.205,,.480,15.9,73.9,.212,,Wintrust Arena,advanced-team
Chicago Sky,36.0,202.1,32.7,67.9,0.481,7.2,20.9,0.345,25.4,46.9,0.542,13.7,16.6,0.823,7.2,27.6,34.8,24.3,7.3,4.3,13.8,16.2,86.3,per_game-team,2022,36.0,202.1,31.1,71.1,0.438,6.5,19.1,0.34,24.7,52.1,0.474,12.5,15.8,0.789,8.6,24.6,33.2,20.9,7.8,3.4,13.1,16.5,81.3,per_game-opponent,36.0,7275.0,1176.0,2443.0,0.481,260.0,754.0,0.345,916.0,1689.0,0.542,493.0,599.0,0.823,260.0,994.0,1254.0,874.0,261.0,155.0,495.0,584.0,3105.0,totals-team,36.0,7275.0,1121.0,2561.0,0.438,233.0,686.0,0.34,888.0,1875.0,0.474,450.0,570.0,0.789,310.0,886.0,1196.0,751.0,280.0,124.0,472.0,595.0,2925.0,totals-opponent,36.0,7275.0,40.8,84.8,0.481,9.0,26.2,0.345,31.8,58.6,0.542,17.1,20.8,0.823,9.0,34.5,43.5,30.3,9.1,5.4,17.2,20.3,107.7,per_poss-team,36.0,7275.0,38.9,88.9,0.438,8.1,23.8,0.34,30.8,65.1,0.474,15.6,19.8,0.789,10.8,30.7,41.5,26.1,9.7,4.3,16.4,20.6,101.5,per_poss-opponent,2.0,36.0,7275.0,0.481,12.3,,0.691,0.295,0.192,0.12,0.085,0.309,,0.542,0.681,0.513,0.427,0.293,0.345,,0.694,0.915,,0.186,0.443,shooting-team,2.0,36.0,7275.0,0.438,12.0,,0.732,0.314,0.19,0.124,0.104,0.268,,0.474,0.608,0.388,0.362,0.36,0.34,,0.611,0.893,,0.192,0.379,shooting-opponent,30.0,26,10,25,11,5.00,-0.15,4.85,107.7,101.5,+6.2,79.2,.245,.309,.574,,.535,15.5,22.7,.202,,.483,14.4,76.2,.176,,Wintrust Arena,advanced-team
Chicago Sky,40.0,201.3,30.7,69.6,0.442,8.3,22.2,0.372,22.5,47.4,0.474,12.0,16.0,0.752,8.6,24.8,33.3,20.5,6.7,4.5,13.5,17.3,81.7,per_game-team,2023,40.0,201.3,31.0,68.7,0.451,6.6,19.6,0.334,24.5,49.1,0.498,14.8,18.4,0.804,8.4,26.5,34.9,20.8,7.7,3.6,13.2,15.9,83.4,per_game-opponent,40.0,8050.0,1229.0,2783.0,0.442,330.0,888.0,0.372,899.0,1895.0,0.474,481.0,640.0,0.752,343.0,990.0,1333.0,818.0,267.0,181.0,538.0,691.0,3269.0,totals-team,40.0,8050.0,1240.0,2747.0,0.451,262.0,785.0,0.334,978.0,1962.0,0.498,592.0,736.0,0.804,337.0,1060.0,1397.0,831.0,309.0,144.0,527.0,637.0,3334.0,totals-opponent,40.0,8050.0,38.8,87.9,0.442,10.4,28.1,0.372,28.4,59.9,0.474,15.2,20.2,0.752,10.8,31.3,42.1,25.8,8.4,5.7,17.0,21.8,103.3,per_poss-team,40.0,8050.0,39.2,86.8,0.451,8.3,24.8,0.334,30.9,62.0,0.498,18.7,23.3,0.804,10.6,33.5,44.1,26.3,9.8,4.6,16.7,20.1,105.3,per_poss-opponent,2.0,40.0,8050.0,0.442,13.6,,0.681,0.233,0.179,0.129,0.14,0.319,,0.474,0.626,0.433,0.369,0.373,0.372,,0.581,0.897,,0.184,0.46,shooting-team,2.0,40.0,8050.0,0.451,12.0,,0.714,0.299,0.214,0.118,0.083,0.286,,0.498,0.652,0.399,0.389,0.357,0.334,,0.61,0.893,,0.2,0.389,shooting-opponent,27.2,18,22,17,23,-1.63,0.11,-1.52,103.3,105.3,-2.0,78.7,.230,.319,.533,,.501,14.9,24.4,.173,,.499,14.6,74.6,.216,,Wintrust Arena,advanced-team
Connecticut Sun,22.0,201.1,29.7,69.5,0.427,5.9,19.0,0.311,23.8,50.5,0.47,15.1,20.0,0.755,10.0,25.5,35.5,18.3,9.2,3.1,13.3,18.8,80.4,per_game-team,2020,22.0,201.1,28.8,65.0,0.443,6.8,20.7,0.33,22.0,44.4,0.496,15.5,18.9,0.819,7.0,25.9,33.0,18.4,7.5,3.7,15.0,18.1,79.9,per_game-opponent,22.0,4425.0,653.0,1530.0,0.427,130.0,418.0,0.311,523.0,1112.0,0.47,332.0,440.0,0.755,220.0,561.0,781.0,403.0,202.0,69.0,292.0,413.0,1768.0,totals-team,22.0,4425.0,634.0,1431.0,0.443,150.0,455.0,0.33,484.0,976.0,0.496,340.0,415.0,0.819,155.0,570.0,725.0,405.0,165.0,81.0,329.0,399.0,1758.0,totals-opponent,22.0,4425.0,37.5,88.0,0.427,7.5,24.0,0.311,30.1,63.9,0.47,19.1,25.3,0.755,12.7,32.3,44.9,23.2,11.6,4.0,16.8,23.7,101.7,per_poss-team,22.0,4425.0,36.5,82.3,0.443,8.6,26.2,0.33,27.8,56.1,0.496,19.6,23.9,0.819,8.9,32.8,41.7,23.3,9.5,4.7,18.9,22.9,101.1,per_poss-opponent,3.0,22.0,4425.0,0.427,12.7,,0.727,0.145,0.354,0.101,0.127,0.273,,0.47,0.716,0.437,0.355,0.371,0.311,,0.562,0.838,,0.1,0.405,shooting-team,3.0,22.0,4425.0,0.443,14.0,,0.682,0.143,0.316,0.105,0.118,0.318,,0.496,0.717,0.48,0.367,0.385,0.33,,0.564,0.88,,0.101,0.348,shooting-opponent,27.5,10,12,11,11,0.45,-0.04,0.42,101.7,101.1,+0.6,78.6,.288,.273,.513,,.469,14.5,27.8,.217,,.495,16.9,78.4,.238,,IMG Academy,advanced-team
Connecticut Sun,32.0,201.6,29.2,65.6,0.444,7.0,19.6,0.356,22.2,46.1,0.482,14.4,17.7,0.816,9.7,26.9,36.6,18.0,7.8,3.6,13.9,17.8,79.7,per_game-team,2021,32.0,201.6,25.5,62.4,0.409,6.3,20.3,0.31,19.3,42.2,0.456,12.6,15.3,0.824,5.9,21.5,27.3,16.8,7.1,4.6,13.3,18.0,69.9,per_game-opponent,32.0,6450.0,933.0,2100.0,0.444,223.0,626.0,0.356,710.0,1474.0,0.482,462.0,566.0,0.816,311.0,860.0,1171.0,577.0,251.0,115.0,444.0,570.0,2551.0,totals-team,32.0,6450.0,817.0,1998.0,0.409,201.0,648.0,0.31,616.0,1350.0,0.456,402.0,488.0,0.824,188.0,687.0,875.0,537.0,226.0,148.0,425.0,576.0,2237.0,totals-opponent,32.0,6450.0,39.1,88.0,0.444,9.3,26.2,0.356,29.8,61.8,0.482,19.4,23.7,0.816,13.0,36.0,49.1,24.2,10.5,4.8,18.6,23.9,106.9,per_poss-team,32.0,6450.0,34.2,83.7,0.409,8.4,27.2,0.31,25.8,56.6,0.456,16.8,20.4,0.824,7.9,28.8,36.7,22.5,9.5,6.2,17.8,24.1,93.7,per_poss-opponent,3.0,32.0,6450.0,0.444,12.5,,0.702,0.281,0.201,0.125,0.094,0.298,,0.482,0.631,0.423,0.354,0.33,0.356,,0.546,0.848,,0.168,0.333,shooting-team,3.0,32.0,6450.0,0.409,13.0,,0.676,0.23,0.203,0.121,0.122,0.324,,0.456,0.58,0.421,0.394,0.342,0.31,,0.581,0.891,,0.164,0.368,shooting-opponent,28.3,26,6,28,4,9.81,-0.95,8.86,106.9,93.7,+13.2,74.0,.270,.298,.543,,.497,15.9,31.2,.220,,.459,16.1,82.1,.201,,Mohegan Sun Arena,advanced-team
Connecticut Sun,36.0,201.4,31.9,69.0,0.462,6.4,18.0,0.354,25.5,50.9,0.5,15.7,19.9,0.789,10.2,26.9,37.1,21.1,8.9,2.7,14.4,17.1,85.8,per_game-team,2022,36.0,201.4,28.8,65.6,0.439,7.3,22.3,0.328,21.5,43.3,0.496,12.9,16.0,0.804,6.9,22.1,29.0,19.3,7.7,3.6,15.5,18.9,77.8,per_game-opponent,36.0,7250.0,1147.0,2483.0,0.462,230.0,649.0,0.354,917.0,1834.0,0.5,564.0,715.0,0.789,367.0,968.0,1335.0,759.0,319.0,96.0,517.0,615.0,3088.0,totals-team,36.0,7250.0,1036.0,2361.0,0.439,263.0,801.0,0.328,773.0,1560.0,0.496,464.0,577.0,0.804,250.0,794.0,1044.0,696.0,277.0,131.0,557.0,680.0,2799.0,totals-opponent,36.0,7250.0,40.3,87.2,0.462,8.1,22.8,0.354,32.2,64.4,0.5,19.8,25.1,0.789,12.9,34.0,46.9,26.7,11.2,3.4,18.2,21.6,108.5,per_poss-team,36.0,7250.0,36.4,83.0,0.439,9.2,28.1,0.328,27.2,54.8,0.496,16.3,20.3,0.804,8.8,27.9,36.7,24.5,9.7,4.6,19.6,23.9,98.3,per_poss-opponent,3.0,36.0,7250.0,0.462,11.8,,0.739,0.315,0.18,0.138,0.105,0.261,,0.5,0.62,0.42,0.434,0.364,0.354,,0.606,0.883,,0.194,0.437,shooting-team,3.0,36.0,7250.0,0.439,13.0,,0.661,0.263,0.177,0.116,0.105,0.339,,0.496,0.64,0.458,0.383,0.32,0.328,,0.598,0.89,,0.156,0.344,shooting-opponent,28.0,25,11,29,7,8.03,-0.80,7.23,108.5,98.3,+10.2,78.5,.288,.261,.552,,.508,15.6,31.6,.227,,.494,17.6,79.5,.197,,Mohegan Sun Arena,advanced-team
Connecticut Sun,40.0,201.9,30.2,67.8,0.445,7.2,20.0,0.36,23.0,47.8,0.481,15.2,19.9,0.766,8.1,25.6,33.6,20.7,8.1,3.8,12.4,18.4,82.7,per_game-team,2023,40.0,201.9,28.4,65.4,0.435,6.7,20.9,0.321,21.7,44.5,0.488,15.4,19.6,0.788,8.2,25.7,33.9,19.0,6.6,4.6,14.8,19.3,79.0,per_game-opponent,40.0,8075.0,1206.0,2710.0,0.445,287.0,798.0,0.36,919.0,1912.0,0.481,608.0,794.0,0.766,322.0,1022.0,1344.0,826.0,323.0,152.0,496.0,736.0,3307.0,totals-team,40.0,8075.0,1137.0,2615.0,0.435,268.0,836.0,0.321,869.0,1779.0,0.488,617.0,783.0,0.788,327.0,1027.0,1354.0,759.0,264.0,185.0,592.0,773.0,3159.0,totals-opponent,40.0,8075.0,38.4,86.4,0.445,9.1,25.4,0.36,29.3,60.9,0.481,19.4,25.3,0.766,10.3,32.6,42.8,26.3,10.3,4.8,15.8,23.5,105.4,per_poss-team,40.0,8075.0,36.2,83.3,0.435,8.5,26.6,0.321,27.7,56.7,0.488,19.7,25.0,0.788,10.4,32.7,43.1,24.2,8.4,5.9,18.9,24.6,100.7,per_poss-opponent,3.0,40.0,8075.0,0.445,12.2,,0.706,0.26,0.256,0.105,0.084,0.294,,0.481,0.638,0.425,0.354,0.32,0.36,,0.619,0.895,,0.211,0.399,shooting-team,3.0,40.0,8075.0,0.435,13.0,,0.68,0.203,0.272,0.124,0.081,0.32,,0.488,0.662,0.454,0.391,0.319,0.321,,0.603,0.877,,0.205,0.31,shooting-opponent,29.1,27,13,26,14,3.70,-0.27,3.43,105.4,100.7,+4.7,77.7,.293,.294,.540,,.498,14.0,23.9,.224,,.486,16.7,75.8,.236,,Mohegan Sun Arena,advanced-team
Dallas Wings,22.0,202.3,29.5,71.0,0.415,8.9,27.6,0.323,20.5,43.4,0.474,15.6,19.1,0.815,9.0,23.7,32.7,15.6,8.2,3.2,11.0,19.7,83.4,per_game-team,2020,22.0,202.3,31.5,66.9,0.471,6.7,18.0,0.371,24.9,48.9,0.508,17.2,21.0,0.816,8.6,27.9,36.5,20.5,5.8,3.3,13.5,17.6,87.0,per_game-opponent,22.0,4450.0,648.0,1561.0,0.415,196.0,607.0,0.323,452.0,954.0,0.474,343.0,421.0,0.815,198.0,522.0,720.0,343.0,181.0,70.0,241.0,433.0,1835.0,totals-team,22.0,4450.0,694.0,1472.0,0.471,147.0,396.0,0.371,547.0,1076.0,0.508,378.0,463.0,0.816,189.0,613.0,802.0,451.0,128.0,72.0,297.0,387.0,1913.0,totals-opponent,22.0,4450.0,37.4,90.1,0.415,11.3,35.0,0.323,26.1,55.1,0.474,19.8,24.3,0.815,11.4,30.1,41.6,19.8,10.4,4.0,13.9,25.0,105.9,per_poss-team,22.0,4450.0,40.1,85.0,0.471,8.5,22.9,0.371,31.6,62.1,0.508,21.8,26.7,0.816,10.9,35.4,46.3,26.0,7.4,4.2,17.1,22.3,110.4,per_poss-opponent,4.0,22.0,4450.0,0.415,15.0,,0.611,0.1,0.3,0.095,0.117,0.389,,0.474,0.788,0.487,0.282,0.324,0.323,,0.409,0.811,,0.105,0.344,shooting-team,4.0,22.0,4450.0,0.471,13.0,,0.731,0.142,0.374,0.104,0.111,0.269,,0.508,0.722,0.507,0.34,0.396,0.371,,0.594,0.857,,0.124,0.449,shooting-opponent,23.8,8,14,8,14,-3.55,0.30,-3.25,105.9,110.4,-4.5,77.8,.270,.389,.525,,.478,12.1,24.4,.220,,.521,15.1,73.4,.257,,IMG Academy,advanced-team
Dallas Wings,32.0,201.6,29.7,70.7,0.42,8.2,23.1,0.354,21.5,47.6,0.451,13.6,16.4,0.829,10.0,26.1,36.1,17.3,6.8,3.9,12.8,18.4,81.1,per_game-team,2021,32.0,201.6,30.2,67.2,0.449,7.5,22.0,0.339,22.7,45.2,0.503,13.8,17.8,0.777,7.5,26.0,33.6,20.2,6.4,5.2,12.3,15.8,81.7,per_game-opponent,32.0,6450.0,949.0,2262.0,0.42,262.0,740.0,0.354,687.0,1522.0,0.451,436.0,526.0,0.829,320.0,836.0,1156.0,555.0,219.0,124.0,408.0,589.0,2596.0,totals-team,32.0,6450.0,966.0,2150.0,0.449,239.0,705.0,0.339,727.0,1445.0,0.503,442.0,569.0,0.777,241.0,833.0,1074.0,645.0,205.0,166.0,393.0,504.0,2613.0,totals-opponent,32.0,6450.0,38.1,90.9,0.42,10.5,29.7,0.354,27.6,61.2,0.451,17.5,21.1,0.829,12.9,33.6,46.4,22.3,8.8,5.0,16.4,23.7,104.3,per_poss-team,32.0,6450.0,38.8,86.4,0.449,9.6,28.3,0.339,29.2,58.1,0.503,17.8,22.9,0.777,9.7,33.5,43.2,25.9,8.2,6.7,15.8,20.3,105.0,per_poss-opponent,4.0,32.0,6450.0,0.42,13.6,,0.673,0.217,0.215,0.121,0.12,0.327,,0.451,0.622,0.392,0.343,0.358,0.354,,0.512,0.775,,0.119,0.352,shooting-team,4.0,32.0,6450.0,0.449,13.0,,0.672,0.231,0.236,0.107,0.098,0.328,,0.503,0.667,0.447,0.391,0.374,0.339,,0.597,0.883,,0.155,0.33,shooting-opponent,24.8,14,18,15,17,-0.53,0.30,-0.23,104.3,105.0,-0.7,77.2,.233,.327,.521,,.477,14.1,27.8,.193,,.505,14.1,77.6,.206,,College Park Center,advanced-team
Dallas Wings,36.0,200.7,29.7,68.2,0.435,7.8,22.6,0.343,21.9,45.6,0.48,15.9,20.8,0.764,9.6,24.3,33.8,18.8,7.1,3.7,12.7,18.8,82.9,per_game-team,2022,36.0,200.7,30.3,66.1,0.459,7.3,21.2,0.343,23.1,44.9,0.514,14.8,18.9,0.784,7.7,25.0,32.7,19.9,6.8,4.3,13.4,18.6,82.8,per_game-opponent,36.0,7225.0,1068.0,2456.0,0.435,279.0,813.0,0.343,789.0,1643.0,0.48,571.0,747.0,0.764,344.0,873.0,1217.0,676.0,256.0,134.0,456.0,676.0,2986.0,totals-team,36.0,7225.0,1092.0,2380.0,0.459,262.0,764.0,0.343,830.0,1616.0,0.514,533.0,680.0,0.784,277.0,901.0,1178.0,717.0,244.0,153.0,482.0,670.0,2979.0,totals-opponent,36.0,7225.0,38.1,87.7,0.435,10.0,29.0,0.343,28.2,58.7,0.48,20.4,26.7,0.764,12.3,31.2,43.4,24.1,9.1,4.8,16.3,24.1,106.6,per_poss-team,36.0,7225.0,39.0,85.0,0.459,9.4,27.3,0.343,29.6,57.7,0.514,19.0,24.3,0.784,9.9,32.2,42.1,25.6,8.7,5.5,17.2,23.9,106.3,per_poss-opponent,4.0,36.0,7225.0,0.435,13.3,,0.669,0.233,0.215,0.117,0.105,0.331,,0.48,0.671,0.37,0.394,0.377,0.343,,0.56,0.839,,0.141,0.365,shooting-team,4.0,36.0,7225.0,0.459,13.0,,0.679,0.229,0.224,0.124,0.102,0.321,,0.514,0.736,0.444,0.399,0.309,0.343,,0.594,0.855,,0.17,0.354,shooting-opponent,25.4,18,18,18,18,0.19,-0.16,0.04,106.6,106.3,+0.3,77.6,.304,.331,.536,,.492,14.1,27.6,.232,,.514,15.2,75.9,.224,,College Park Center,advanced-team
Dallas Wings,40.0,200.6,32.4,73.2,0.443,6.8,21.3,0.317,25.6,51.8,0.494,16.4,20.3,0.806,11.8,26.9,38.7,20.3,7.6,4.3,13.1,18.9,87.9,per_game-team,2023,40.0,200.6,30.3,68.2,0.444,8.2,22.8,0.36,22.1,45.5,0.486,16.2,20.0,0.808,8.0,24.1,32.1,20.0,5.9,3.7,13.6,18.1,84.9,per_game-opponent,40.0,8025.0,1295.0,2926.0,0.443,270.0,853.0,0.317,1025.0,2073.0,0.494,654.0,811.0,0.806,471.0,1075.0,1546.0,813.0,304.0,170.0,523.0,754.0,3514.0,totals-team,40.0,8025.0,1211.0,2728.0,0.444,328.0,910.0,0.36,883.0,1818.0,0.486,646.0,800.0,0.808,318.0,964.0,1282.0,801.0,237.0,147.0,543.0,725.0,3396.0,totals-opponent,40.0,8025.0,40.3,91.1,0.443,8.4,26.6,0.317,31.9,64.6,0.494,20.4,25.3,0.806,14.7,33.5,48.2,25.3,9.5,5.3,16.3,23.5,109.5,per_poss-team,40.0,8025.0,37.7,85.0,0.444,10.2,28.3,0.36,27.5,56.6,0.486,20.1,24.9,0.808,9.9,30.0,39.9,24.9,7.4,4.6,16.9,22.6,105.8,per_poss-opponent,4.0,40.0,8025.0,0.443,12.4,,0.708,0.231,0.265,0.124,0.089,0.292,,0.494,0.693,0.412,0.399,0.355,0.317,,0.585,0.789,,0.127,0.37,shooting-team,4.0,40.0,8025.0,0.444,14.0,,0.666,0.184,0.235,0.14,0.107,0.334,,0.486,0.651,0.448,0.424,0.365,0.36,,0.583,0.872,,0.186,0.402,shooting-opponent,26.0,22,18,25,15,2.95,-0.31,2.64,109.5,105.8,+3.7,80.0,.277,.292,.535,,.489,13.7,32.8,.224,,.504,15.0,77.2,.237,,College Park Center,advanced-team
Indiana Fever,22.0,200.0,29.5,66.7,0.441,6.9,20.0,0.345,22.5,46.7,0.482,15.9,19.4,0.819,9.0,24.7,33.7,19.2,5.1,3.2,15.0,17.7,81.7,per_game-team,2020,22.0,200.0,32.6,69.1,0.472,6.8,18.4,0.37,25.8,50.7,0.509,17.5,21.3,0.821,8.4,24.4,32.7,19.2,8.6,3.5,10.5,18.6,89.5,per_game-opponent,22.0,4400.0,648.0,1468.0,0.441,152.0,440.0,0.345,496.0,1028.0,0.482,349.0,426.0,0.819,197.0,544.0,741.0,422.0,112.0,70.0,330.0,390.0,1797.0,totals-team,22.0,4400.0,718.0,1521.0,0.472,150.0,405.0,0.37,568.0,1116.0,0.509,384.0,468.0,0.821,184.0,536.0,720.0,423.0,190.0,77.0,232.0,409.0,1970.0,totals-opponent,22.0,4400.0,37.5,85.0,0.441,8.8,25.5,0.345,28.7,59.5,0.482,20.2,24.7,0.819,11.4,31.5,42.9,24.4,6.5,4.1,19.1,22.6,104.0,per_poss-team,22.0,4400.0,41.6,88.0,0.472,8.7,23.4,0.37,32.9,64.6,0.509,22.2,27.1,0.821,10.6,31.0,41.7,24.5,11.0,4.5,13.4,23.7,114.0,per_poss-opponent,5.0,22.0,4400.0,0.441,13.8,,0.7,0.126,0.296,0.133,0.146,0.3,,0.482,0.757,0.479,0.349,0.374,0.345,,0.593,0.842,,0.102,0.333,shooting-team,5.0,22.0,4400.0,0.472,13.0,,0.734,0.153,0.335,0.115,0.131,0.266,,0.509,0.72,0.518,0.36,0.372,0.37,,0.526,0.827,,0.104,0.429,shooting-opponent,25.5,6,16,5,17,-7.86,0.66,-7.21,104.0,114.0,-10.0,78.5,.290,.300,.543,,.493,16.6,26.9,.238,,.521,11.8,74.7,.252,,IMG Academy,advanced-team
Indiana Fever,32.0,200.0,28.4,68.2,0.417,4.9,17.3,0.284,23.5,50.9,0.461,13.6,17.0,0.8,9.6,24.8,34.3,16.7,6.3,3.8,13.8,17.8,75.3,per_game-team,2021,32.0,200.0,31.1,67.8,0.459,7.8,21.1,0.372,23.3,46.8,0.498,15.0,18.5,0.813,8.0,25.4,33.4,20.3,6.9,4.3,12.0,18.0,85.1,per_game-opponent,32.0,6400.0,909.0,2182.0,0.417,157.0,552.0,0.284,752.0,1630.0,0.461,435.0,544.0,0.8,307.0,792.0,1099.0,534.0,200.0,121.0,441.0,568.0,2410.0,totals-team,32.0,6400.0,996.0,2170.0,0.459,251.0,674.0,0.372,745.0,1496.0,0.498,481.0,592.0,0.813,256.0,812.0,1068.0,650.0,221.0,137.0,383.0,576.0,2724.0,totals-opponent,32.0,6400.0,36.7,88.2,0.417,6.3,22.3,0.284,30.4,65.9,0.461,17.6,22.0,0.8,12.4,32.0,44.4,21.6,8.1,4.9,17.8,23.0,97.4,per_poss-team,32.0,6400.0,40.2,87.7,0.459,10.1,27.2,0.372,30.1,60.4,0.498,19.4,23.9,0.813,10.3,32.8,43.2,26.3,8.9,5.5,15.5,23.3,110.1,per_poss-opponent,5.0,32.0,6400.0,0.417,12.8,,0.747,0.271,0.181,0.103,0.192,0.253,,0.461,0.581,0.391,0.406,0.388,0.284,,0.541,0.809,,0.145,0.35,shooting-team,5.0,32.0,6400.0,0.459,13.0,,0.689,0.242,0.199,0.112,0.136,0.311,,0.498,0.638,0.444,0.443,0.373,0.372,,0.595,0.825,,0.157,0.434,shooting-opponent,27.3,6,26,5,27,-9.81,0.85,-8.97,97.4,110.1,-12.7,77.3,.249,.253,.498,,.453,15.4,27.4,.199,,.517,13.6,75.6,.222,,Indiana Farmers Coliseum,advanced-team
Indiana Fever,36.0,201.4,28.4,69.4,0.409,6.8,20.1,0.338,21.6,49.3,0.437,14.4,19.4,0.746,9.8,23.5,33.3,18.0,7.2,3.6,15.1,20.0,78.0,per_game-team,2022,36.0,201.4,32.5,68.5,0.474,7.1,21.0,0.339,25.3,47.5,0.533,17.0,21.2,0.8,8.8,27.0,35.8,21.7,8.6,4.2,14.3,18.0,89.1,per_game-opponent,36.0,7250.0,1021.0,2498.0,0.409,245.0,724.0,0.338,776.0,1774.0,0.437,520.0,697.0,0.746,352.0,845.0,1197.0,649.0,258.0,129.0,545.0,719.0,2807.0,totals-team,36.0,7250.0,1169.0,2467.0,0.474,257.0,757.0,0.339,912.0,1710.0,0.533,611.0,764.0,0.8,317.0,972.0,1289.0,780.0,311.0,152.0,516.0,648.0,3206.0,totals-opponent,36.0,7250.0,35.1,86.0,0.409,8.4,24.9,0.338,26.7,61.1,0.437,17.9,24.0,0.746,12.1,29.1,41.2,22.3,8.9,4.4,18.8,24.7,96.6,per_poss-team,36.0,7250.0,40.2,84.9,0.474,8.8,26.1,0.339,31.4,58.9,0.533,21.0,26.3,0.8,10.9,33.5,44.4,26.8,10.7,5.2,17.8,22.3,110.3,per_poss-opponent,5.0,36.0,7250.0,0.409,12.9,,0.71,0.254,0.207,0.112,0.138,0.29,,0.437,0.569,0.393,0.379,0.308,0.338,,0.553,0.898,,0.178,0.31,shooting-team,5.0,36.0,7250.0,0.474,13.0,,0.693,0.263,0.219,0.113,0.098,0.307,,0.533,0.664,0.499,0.401,0.411,0.339,,0.612,0.864,,0.19,0.354,shooting-opponent,25.4,5,31,5,31,-11.08,1.06,-10.02,96.6,110.3,-13.7,80.2,.279,.290,.500,,.458,16.3,26.6,.208,,.526,15.5,72.7,.248,,Indiana Farmers Coliseum,advanced-team
Indiana Fever,40.0,201.9,30.2,68.3,0.442,6.7,19.8,0.34,23.5,48.5,0.484,13.9,17.8,0.783,8.9,25.1,34.0,18.0,6.5,3.0,14.1,19.7,81.0,per_game-team,2023,40.0,201.9,29.9,67.2,0.445,8.6,22.9,0.375,21.3,44.4,0.481,16.7,20.8,0.803,7.6,24.9,32.5,20.0,6.7,4.2,12.4,17.8,85.1,per_game-opponent,40.0,8075.0,1207.0,2730.0,0.442,269.0,791.0,0.34,938.0,1939.0,0.484,557.0,711.0,0.783,357.0,1004.0,1361.0,720.0,260.0,119.0,563.0,787.0,3240.0,totals-team,40.0,8075.0,1196.0,2688.0,0.445,343.0,914.0,0.375,853.0,1774.0,0.481,667.0,831.0,0.803,303.0,997.0,1300.0,798.0,266.0,169.0,495.0,710.0,3402.0,totals-opponent,40.0,8075.0,38.4,86.8,0.442,8.5,25.1,0.34,29.8,61.6,0.484,17.7,22.6,0.783,11.3,31.9,43.3,22.9,8.3,3.8,17.9,25.0,103.0,per_poss-team,40.0,8075.0,38.0,85.4,0.445,10.9,29.0,0.375,27.1,56.4,0.481,21.2,26.4,0.803,9.6,31.7,41.3,25.4,8.5,5.4,15.7,22.6,108.1,per_poss-opponent,5.0,40.0,8075.0,0.442,12.8,,0.71,0.273,0.214,0.105,0.118,0.29,,0.484,0.598,0.453,0.399,0.351,0.34,,0.525,0.848,,0.196,0.342,shooting-team,5.0,40.0,8075.0,0.445,14.0,,0.66,0.23,0.197,0.129,0.105,0.34,,0.481,0.614,0.412,0.413,0.401,0.375,,0.572,0.904,,0.206,0.378,shooting-opponent,25.9,13,27,13,27,-4.05,0.20,-3.85,103.0,108.1,-5.1,77.9,.260,.290,.532,,.491,15.6,26.4,.204,,.509,13.9,76.8,.248,,Gainbridge Fieldhouse,advanced-team
Las Vegas Aces,22.0,200.0,32.7,68.7,0.477,4.2,11.5,0.368,28.5,57.2,0.498,19.0,23.4,0.815,8.1,29.3,37.4,20.7,7.8,3.0,12.2,15.0,88.7,per_game-team,2020,22.0,200.0,30.6,71.1,0.431,7.7,24.9,0.311,22.9,46.2,0.496,11.1,14.3,0.78,7.8,25.0,32.8,19.3,6.4,4.7,13.5,20.6,80.1,per_game-opponent,22.0,4400.0,720.0,1511.0,0.477,93.0,253.0,0.368,627.0,1258.0,0.498,419.0,514.0,0.815,179.0,644.0,823.0,456.0,172.0,65.0,268.0,331.0,1952.0,totals-team,22.0,4400.0,674.0,1564.0,0.431,170.0,547.0,0.311,504.0,1017.0,0.496,245.0,314.0,0.78,172.0,549.0,721.0,424.0,141.0,104.0,298.0,454.0,1763.0,totals-opponent,22.0,4400.0,40.4,84.8,0.477,5.2,14.2,0.368,35.2,70.6,0.498,23.5,28.8,0.815,10.0,36.1,46.2,25.6,9.7,3.6,15.0,18.6,109.6,per_poss-team,22.0,4400.0,37.8,87.8,0.431,9.5,30.7,0.311,28.3,57.1,0.496,13.8,17.6,0.78,9.7,30.8,40.5,23.8,7.9,5.8,16.7,25.5,99.0,per_poss-opponent,7.0,22.0,4400.0,0.477,11.7,,0.833,0.138,0.376,0.158,0.161,0.167,,0.498,0.764,0.489,0.339,0.449,0.368,,0.595,0.903,,0.107,0.407,shooting-team,7.0,22.0,4400.0,0.431,14.0,,0.65,0.11,0.302,0.106,0.133,0.35,,0.496,0.733,0.498,0.337,0.418,0.311,,0.562,0.829,,0.117,0.313,shooting-opponent,27.1,18,4,18,4,8.59,-0.72,7.88,109.6,99.0,+10.6,81.0,.340,.167,.562,,.507,13.4,24.6,.277,,.485,14.9,78.9,.157,,IMG Academy,advanced-team
Las Vegas Aces,32.0,202.3,33.1,70.2,0.472,5.1,13.5,0.375,28.1,56.7,0.495,17.9,21.9,0.819,7.3,31.3,38.6,20.8,6.8,4.6,11.6,14.2,89.3,per_game-team,2021,32.0,202.3,30.4,73.3,0.415,7.3,23.7,0.306,23.2,49.6,0.467,12.1,14.9,0.812,7.8,27.1,34.9,19.4,6.8,3.7,11.4,18.8,80.2,per_game-opponent,32.0,6475.0,1060.0,2247.0,0.472,162.0,432.0,0.375,898.0,1815.0,0.495,574.0,701.0,0.819,235.0,1001.0,1236.0,667.0,217.0,146.0,370.0,455.0,2856.0,totals-team,32.0,6475.0,973.0,2345.0,0.415,232.0,759.0,0.306,741.0,1586.0,0.467,388.0,478.0,0.812,250.0,868.0,1118.0,622.0,219.0,119.0,365.0,603.0,2566.0,totals-opponent,32.0,6475.0,40.5,85.9,0.472,6.2,16.5,0.375,34.3,69.3,0.495,21.9,26.8,0.819,9.0,38.2,47.2,25.5,8.3,5.6,14.1,17.4,109.1,per_poss-team,32.0,6475.0,37.2,89.6,0.415,8.9,29.0,0.306,28.3,60.6,0.467,14.8,18.3,0.812,9.6,33.2,42.7,23.8,8.4,4.5,13.9,23.0,98.0,per_poss-opponent,7.0,32.0,6475.0,0.472,12.1,,0.808,0.175,0.294,0.181,0.158,0.192,,0.495,0.665,0.505,0.387,0.411,0.375,,0.587,0.864,,0.132,0.368,shooting-team,7.0,32.0,6475.0,0.415,14.0,,0.676,0.145,0.251,0.131,0.149,0.324,,0.467,0.674,0.435,0.401,0.377,0.306,,0.575,0.845,,0.124,0.415,shooting-opponent,26.4,24,8,26,6,9.06,-0.62,8.44,109.1,98.0,+11.1,80.8,.312,.192,.559,,.508,12.6,21.3,.255,,.464,12.5,80.0,.165,,Michelob Ultra Arena,advanced-team
Las Vegas Aces,36.0,200.7,32.3,70.3,0.46,9.5,26.4,0.361,22.8,43.8,0.52,16.3,19.8,0.823,6.9,28.4,35.4,20.8,7.7,3.9,11.1,15.8,90.4,per_game-team,2022,36.0,200.7,30.9,70.7,0.437,9.1,25.7,0.356,21.8,45.0,0.484,13.1,16.5,0.796,8.2,28.0,36.2,21.0,5.6,4.1,12.6,17.8,84.1,per_game-opponent,36.0,7225.0,1163.0,2529.0,0.46,343.0,951.0,0.361,820.0,1578.0,0.52,587.0,713.0,0.823,250.0,1024.0,1274.0,748.0,276.0,140.0,400.0,569.0,3256.0,totals-team,36.0,7225.0,1113.0,2546.0,0.437,329.0,925.0,0.356,784.0,1621.0,0.484,472.0,593.0,0.796,295.0,1009.0,1304.0,755.0,201.0,148.0,455.0,642.0,3027.0,totals-opponent,36.0,7225.0,40.0,86.9,0.46,11.8,32.7,0.361,28.2,54.2,0.52,20.2,24.5,0.823,8.6,35.2,43.8,25.7,9.5,4.8,13.7,19.6,111.9,per_poss-team,36.0,7225.0,38.3,87.5,0.437,11.3,31.8,0.356,26.9,55.7,0.484,16.2,20.4,0.796,10.1,34.7,44.8,25.9,6.9,5.1,15.6,22.1,104.0,per_poss-opponent,7.0,36.0,7225.0,0.46,15.0,,0.624,0.18,0.219,0.13,0.096,0.376,,0.52,0.653,0.49,0.424,0.467,0.361,,0.563,0.834,,0.198,0.388,shooting-team,7.0,36.0,7225.0,0.437,15.0,,0.637,0.159,0.231,0.119,0.128,0.363,,0.484,0.696,0.419,0.441,0.377,0.356,,0.592,0.884,,0.137,0.394,shooting-opponent,26.9,26,10,26,10,6.36,-0.59,5.78,111.9,104.0,+7.9,80.6,.282,.376,.573,,.528,12.3,19.9,.232,,.502,13.9,77.6,.185,,Michelob ULTRA Arena,advanced-team
Las Vegas Aces,40.0,200.0,33.6,69.2,0.486,9.3,24.9,0.372,24.3,44.3,0.549,16.4,19.5,0.84,6.2,28.7,34.8,21.7,8.0,4.8,11.1,16.0,92.8,per_game-team,2023,40.0,200.0,30.3,71.0,0.426,7.7,22.3,0.343,22.6,48.7,0.464,12.1,15.7,0.774,8.0,26.3,34.3,19.5,6.3,2.9,13.1,17.4,80.3,per_game-opponent,40.0,8000.0,1344.0,2767.0,0.486,371.0,996.0,0.372,973.0,1771.0,0.549,654.0,779.0,0.84,246.0,1147.0,1393.0,868.0,321.0,191.0,445.0,638.0,3713.0,totals-team,40.0,8000.0,1210.0,2841.0,0.426,306.0,893.0,0.343,904.0,1948.0,0.464,485.0,627.0,0.774,320.0,1053.0,1373.0,780.0,252.0,115.0,525.0,695.0,3211.0,totals-opponent,40.0,8000.0,41.5,85.5,0.486,11.5,30.8,0.372,30.1,54.7,0.549,20.2,24.1,0.84,7.6,35.4,43.1,26.8,9.9,5.9,13.8,19.7,114.8,per_poss-team,40.0,8000.0,37.4,87.8,0.426,9.5,27.6,0.343,27.9,60.2,0.464,15.0,19.4,0.774,9.9,32.5,42.4,24.1,7.8,3.6,16.2,21.5,99.2,per_poss-opponent,7.0,40.0,8000.0,0.486,13.9,,0.64,0.128,0.311,0.119,0.082,0.36,,0.549,0.692,0.549,0.464,0.454,0.372,,0.578,0.825,,0.247,0.374,shooting-team,7.0,40.0,8000.0,0.426,14.0,,0.686,0.138,0.302,0.131,0.114,0.314,,0.464,0.662,0.463,0.37,0.335,0.343,,0.577,0.843,,0.166,0.372,shooting-opponent,29.0,34,6,35,5,12.55,-1.09,11.46,114.8,99.2,+15.6,80.9,.282,.360,.597,,.553,12.5,18.9,.236,,.480,14.4,78.2,.171,,Michelob ULTRA Arena,advanced-team
League Average,22.0,200.9,30.4,68.2,0.446,7.3,21.2,0.345,23.1,47.0,0.492,14.9,18.4,0.807,8.3,25.8,34.1,19.1,7.8,3.5,13.7,17.9,83.1,per_game-team,2020,22.0,200.9,,,,,,,,,,,,,,,,,,,,,,per_game-opponent,22.0,4421.0,670.0,1500.0,0.446,161.0,465.0,0.345,509.0,1035.0,0.492,327.0,406.0,0.807,182.0,569.0,750.0,420.0,171.0,77.0,302.0,395.0,1827.0,totals-team,22.0,4421.0,,,,,,,,,,,,,,,,,,,,,,totals-opponent,,,,,,,,,,,,,,,,,,,,,,,,,,,,,,,,,,,,,,,,,,,,,,,,,,22.0,4421.0,0.446,13.7,,0.69,0.128,0.316,0.115,0.13,0.31,,0.492,0.732,0.48,0.364,0.395,0.345,,0.555,0.857,,0.112,0.379,shooting-team,,22.0,4421.0,0.446,13.7,,0.69,0.128,0.316,0.115,0.13,0.31,,0.492,0.732,0.48,0.364,0.395,0.345,,0.555,0.857,,0.112,0.379,shooting-opponent,,,,,,,,,,,,,,,,,,,,,,,,,,,,
League Average,32.0,201.7,29.7,68.4,0.435,7.3,21.2,0.343,22.5,47.2,0.475,14.0,17.3,0.808,8.1,26.7,34.8,18.9,7.0,4.1,13.1,17.4,80.7,per_game-team,2021,32.0,201.7,,,,,,,,,,,,,,,,,,,,,,per_game-opponent,32.0,6454.0,951.0,2189.0,0.435,233.0,677.0,0.343,719.0,1512.0,0.475,447.0,552.0,0.808,260.0,853.0,1113.0,605.0,224.0,132.0,420.0,558.0,2581.0,totals-team,32.0,6454.0,,,,,,,,,,,,,,,,,,,,,,totals-opponent,,,,,,,,,,,,,,,,,,,,,,,,,,,,,,,,,,,,,,,,,,,,,,,,,,32.0,6455.0,0.435,13.4,,0.691,0.218,0.227,0.119,0.126,0.309,,0.475,0.633,0.435,0.376,0.37,0.343,,0.564,0.856,,0.153,0.379,shooting-team,,32.0,6454.0,0.435,13.3,,0.691,0.218,0.227,0.119,0.126,0.309,,0.475,0.633,0.435,0.376,0.37,0.343,,0.564,0.856,,0.153,0.379,shooting-opponent,,,,,,,,,,,,,,,,,,,,,,,,,,,,
League Average,36.0,201.4,30.1,68.0,0.442,7.7,22.4,0.346,22.3,45.6,0.489,14.4,18.2,0.794,8.2,26.1,34.3,20.2,7.5,3.7,13.7,17.7,82.3,per_game-team,2022,36.0,201.4,,,,,,,,,,,,,,,,,,,,,,per_game-opponent,36.0,7250.0,1082.0,2448.0,0.442,278.0,806.0,0.346,804.0,1642.0,0.489,519.0,654.0,0.794,294.0,940.0,1233.0,728.0,270.0,134.0,492.0,636.0,2962.0,totals-team,36.0,7250.0,,,,,,,,,,,,,,,,,,,,,,totals-opponent,,,,,,,,,,,,,,,,,,,,,,,,,,,,,,,,,,,,,,,,,,,,,,,,,,36.0,7251.0,0.442,13.5,,0.671,0.232,0.211,0.12,0.108,0.329,,0.489,0.656,0.428,0.401,0.353,0.346,,0.602,0.878,,0.175,0.372,shooting-team,,36.0,7250.0,0.442,13.4,,0.671,0.232,0.211,0.12,0.108,0.329,,0.489,0.656,0.428,0.401,0.353,0.346,,0.602,0.878,,0.175,0.372,shooting-opponent,,,,,,,,,,,,,,,,,,,,,,,,,,,,
League Average,40.0,201.0,30.1,68.3,0.441,7.7,22.1,0.347,22.5,46.2,0.486,14.8,18.5,0.8,8.0,26.3,34.3,19.8,7.1,3.9,13.2,17.9,82.7,per_game-team,2023,40.0,201.0,,,,,,,,,,,,,,,,,,,,,,per_game-opponent,40.0,8042.0,1205.0,2734.0,0.441,307.0,884.0,0.347,898.0,1850.0,0.486,593.0,741.0,0.8,321.0,1053.0,1374.0,794.0,284.0,156.0,529.0,715.0,3309.0,totals-team,40.0,8042.0,,,,,,,,,,,,,,,,,,,,,,totals-opponent,,,,,,,,,,,,,,,,,,,,,,,,,,,,,,,,,,,,,,,,,,,,,,,,,,40.0,8041.0,0.441,13.2,,0.677,0.215,0.243,0.122,0.097,0.323,,0.486,0.657,0.433,0.39,0.356,0.347,,0.586,0.873,,0.189,0.378,shooting-team,,40.0,8042.0,0.441,13.3,,0.677,0.215,0.243,0.122,0.097,0.323,,0.486,0.657,0.433,0.39,0.356,0.347,,0.586,0.873,,0.189,0.378,shooting-opponent,,,,,,,,,,,,,,,,,,,,,,,,,,,,
Los Angeles Sparks,22.0,202.3,32.2,67.0,0.481,7.2,18.1,0.398,25.0,48.8,0.511,13.3,16.8,0.792,6.4,25.0,31.4,20.0,9.0,3.0,13.9,18.3,84.9,per_game-team,2020,22.0,202.3,29.4,65.5,0.449,8.1,21.8,0.373,21.3,43.6,0.488,13.4,17.1,0.782,7.9,26.2,34.1,20.0,8.2,2.3,17.0,18.3,80.3,per_game-opponent,22.0,4450.0,708.0,1473.0,0.481,159.0,399.0,0.398,549.0,1074.0,0.511,293.0,370.0,0.792,140.0,551.0,691.0,440.0,197.0,66.0,306.0,403.0,1868.0,totals-team,22.0,4450.0,647.0,1440.0,0.449,179.0,480.0,0.373,468.0,960.0,0.488,294.0,376.0,0.782,174.0,577.0,751.0,440.0,181.0,51.0,373.0,402.0,1767.0,totals-opponent,22.0,4450.0,40.1,83.5,0.481,9.0,22.6,0.398,31.1,60.9,0.511,16.6,21.0,0.792,7.9,31.2,39.2,25.0,11.2,3.7,17.4,22.9,105.9,per_poss-team,22.0,4450.0,36.7,81.7,0.449,10.2,27.2,0.373,26.5,54.4,0.488,16.7,21.3,0.782,9.9,32.7,42.6,25.0,10.3,2.9,21.2,22.8,100.2,per_poss-opponent,6.0,22.0,4450.0,0.481,13.3,,0.729,0.148,0.297,0.117,0.168,0.271,,0.511,0.739,0.508,0.36,0.421,0.398,,0.545,0.887,,0.16,0.438,shooting-team,6.0,22.0,4450.0,0.449,14.0,,0.667,0.131,0.284,0.122,0.131,0.333,,0.488,0.777,0.457,0.366,0.378,0.373,,0.611,0.86,,0.104,0.4,shooting-opponent,28.6,15,7,15,7,4.59,-0.38,4.21,105.9,100.2,+5.7,79.2,.251,.271,.571,,.535,15.8,19.5,.199,,.511,18.9,76.0,.204,,IMG Academy,advanced-team
Los Angeles Sparks,32.0,201.6,27.0,65.8,0.411,6.8,20.1,0.335,20.3,45.7,0.444,11.9,15.6,0.766,6.1,23.2,29.3,15.4,8.3,4.2,13.2,19.3,72.8,per_game-team,2021,32.0,201.6,26.5,63.3,0.419,7.1,20.8,0.343,19.4,42.5,0.457,16.9,20.4,0.83,9.3,29.0,38.3,16.6,7.1,4.0,17.2,18.5,77.1,per_game-opponent,32.0,6450.0,865.0,2106.0,0.411,216.0,644.0,0.335,649.0,1462.0,0.444,382.0,499.0,0.766,195.0,741.0,936.0,494.0,265.0,135.0,422.0,618.0,2328.0,totals-team,32.0,6450.0,849.0,2024.0,0.419,228.0,664.0,0.343,621.0,1360.0,0.457,541.0,652.0,0.83,297.0,928.0,1225.0,530.0,227.0,127.0,549.0,591.0,2467.0,totals-opponent,32.0,6450.0,34.8,84.7,0.411,8.7,25.9,0.335,26.1,58.8,0.444,15.4,20.1,0.766,7.8,29.8,37.7,19.9,10.7,5.4,17.0,24.9,93.7,per_poss-team,32.0,6450.0,34.2,81.4,0.419,9.2,26.7,0.343,25.0,54.7,0.457,21.8,26.2,0.83,11.9,37.3,49.3,21.3,9.1,5.1,22.1,23.8,99.3,per_poss-opponent,6.0,32.0,6450.0,0.411,14.2,,0.694,0.198,0.242,0.121,0.134,0.306,,0.444,0.652,0.365,0.362,0.351,0.335,,0.476,0.856,,0.141,0.385,shooting-team,6.0,32.0,6450.0,0.419,14.0,,0.672,0.2,0.231,0.12,0.121,0.328,,0.457,0.667,0.391,0.362,0.328,0.343,,0.528,0.886,,0.208,0.355,shooting-opponent,27.5,12,20,10,22,-4.34,0.55,-3.79,93.7,99.3,-5.6,77.1,.237,.306,.501,,.462,15.4,17.4,.181,,.476,19.2,71.4,.267,,STAPLES Center,advanced-team
Los Angeles Sparks,36.0,200.7,29.8,66.9,0.446,5.4,16.9,0.32,24.4,50.0,0.489,14.4,18.3,0.786,6.9,23.4,30.4,18.9,8.6,3.9,13.8,18.3,79.4,per_game-team,2022,36.0,200.7,30.9,66.2,0.467,8.6,22.9,0.377,22.3,43.3,0.514,16.1,20.0,0.808,8.4,26.7,35.1,21.0,8.3,3.4,15.4,18.5,86.6,per_game-opponent,36.0,7225.0,1074.0,2408.0,0.446,195.0,609.0,0.32,879.0,1799.0,0.489,517.0,658.0,0.786,250.0,844.0,1094.0,680.0,308.0,142.0,498.0,657.0,2860.0,totals-team,36.0,7225.0,1112.0,2383.0,0.467,311.0,826.0,0.377,801.0,1557.0,0.514,581.0,719.0,0.808,304.0,961.0,1265.0,757.0,298.0,121.0,556.0,665.0,3116.0,totals-opponent,36.0,7225.0,37.4,83.9,0.446,6.8,21.2,0.32,30.6,62.7,0.489,18.0,22.9,0.786,8.7,29.4,38.1,23.7,10.7,4.9,17.3,22.9,99.6,per_poss-team,36.0,7225.0,38.7,83.0,0.467,10.8,28.8,0.377,27.9,54.2,0.514,20.2,25.0,0.808,10.6,33.5,44.1,26.4,10.4,4.2,19.4,23.2,108.6,per_poss-opponent,6.0,36.0,7225.0,0.446,13.0,,0.747,0.259,0.222,0.125,0.142,0.253,,0.489,0.697,0.427,0.387,0.293,0.32,,0.56,0.964,,0.163,0.303,shooting-team,6.0,36.0,7225.0,0.467,14.0,,0.653,0.236,0.209,0.112,0.097,0.347,,0.514,0.669,0.431,0.446,0.398,0.377,,0.596,0.9,,0.189,0.359,shooting-opponent,27.2,13,23,8,28,-7.11,0.62,-6.49,99.6,108.6,-9.0,79.5,.273,.253,.530,,.487,15.6,20.6,.215,,.532,17.1,73.5,.244,,Crypto.com Arena,advanced-team
Los Angeles Sparks,40.0,200.6,28.4,66.8,0.425,6.5,19.5,0.333,21.9,47.3,0.463,15.6,19.1,0.819,6.7,24.8,31.5,19.0,8.5,2.9,12.5,16.9,78.9,per_game-team,2023,40.0,200.6,30.0,65.7,0.457,7.4,22.7,0.326,22.7,43.1,0.526,13.1,16.7,0.787,7.2,27.8,35.0,20.0,7.7,4.9,14.8,18.3,80.5,per_game-opponent,40.0,8025.0,1136.0,2672.0,0.425,260.0,780.0,0.333,876.0,1892.0,0.463,624.0,762.0,0.819,266.0,993.0,1259.0,760.0,339.0,114.0,501.0,676.0,3156.0,totals-team,40.0,8025.0,1201.0,2629.0,0.457,295.0,906.0,0.326,906.0,1723.0,0.526,524.0,666.0,0.787,287.0,1112.0,1399.0,800.0,308.0,195.0,591.0,732.0,3221.0,totals-opponent,40.0,8025.0,36.0,84.8,0.425,8.2,24.7,0.333,27.8,60.0,0.463,19.8,24.2,0.819,8.4,31.5,39.9,24.1,10.8,3.6,15.9,21.4,100.1,per_poss-team,40.0,8025.0,38.1,83.4,0.457,9.4,28.7,0.326,28.7,54.7,0.526,16.6,21.1,0.787,9.1,35.3,44.4,25.4,9.8,6.2,18.7,23.2,102.2,per_poss-opponent,6.0,40.0,8025.0,0.425,12.3,,0.708,0.231,0.276,0.119,0.082,0.292,,0.463,0.671,0.385,0.333,0.329,0.333,,0.603,0.892,,0.165,0.419,shooting-team,6.0,40.0,8025.0,0.457,13.0,,0.655,0.231,0.242,0.109,0.074,0.345,,0.526,0.729,0.432,0.443,0.32,0.326,,0.593,0.892,,0.193,0.366,shooting-opponent,28.3,17,23,17,23,-1.63,-0.02,-1.65,100.1,102.2,-2.1,78.6,.285,.292,.525,,.474,14.3,19.3,.234,,.513,16.8,77.6,.199,,Crypto.com Arena,advanced-team
Minnesota Lynx,22.0,200.0,30.6,67.0,0.456,8.3,21.5,0.385,22.3,45.5,0.49,15.0,18.3,0.818,9.9,24.5,34.4,19.8,8.4,3.0,14.2,16.9,84.4,per_game-team,2020,22.0,200.0,29.3,65.7,0.446,7.7,23.2,0.331,21.6,42.5,0.509,14.3,17.8,0.801,8.1,22.7,30.9,19.7,8.1,3.9,14.3,17.5,80.6,per_game-opponent,22.0,4400.0,673.0,1475.0,0.456,182.0,473.0,0.385,491.0,1002.0,0.49,329.0,402.0,0.818,218.0,539.0,757.0,435.0,185.0,67.0,312.0,372.0,1857.0,totals-team,22.0,4400.0,645.0,1445.0,0.446,169.0,510.0,0.331,476.0,935.0,0.509,314.0,392.0,0.801,179.0,500.0,679.0,433.0,178.0,85.0,314.0,386.0,1773.0,totals-opponent,22.0,4400.0,39.7,87.0,0.456,10.7,27.9,0.385,29.0,59.1,0.49,19.4,23.7,0.818,12.9,31.8,44.7,25.7,10.9,4.0,18.4,21.9,109.6,per_poss-team,22.0,4400.0,38.1,85.3,0.446,10.0,30.1,0.331,28.1,55.2,0.509,18.5,23.1,0.801,10.6,29.5,40.1,25.5,10.5,5.0,18.5,22.8,104.6,per_poss-opponent,8.0,22.0,4400.0,0.456,13.7,,0.679,0.138,0.31,0.125,0.106,0.321,,0.49,0.735,0.464,0.405,0.346,0.385,,0.542,0.929,,0.089,0.452,shooting-team,8.0,22.0,4400.0,0.446,14.0,,0.647,0.122,0.287,0.106,0.132,0.353,,0.509,0.756,0.513,0.373,0.382,0.331,,0.597,0.882,,0.149,0.408,shooting-opponent,24.8,14,8,14,8,3.82,-0.32,3.50,109.6,104.6,+5.0,77.0,.273,.321,.562,,.518,15.9,30.4,.223,,.505,16.3,75.1,.217,,IMG Academy,advanced-team
Minnesota Lynx,32.0,201.6,30.7,67.1,0.458,6.8,19.8,0.34,23.9,47.2,0.507,14.6,17.4,0.837,7.3,27.7,34.9,20.4,6.8,4.1,14.0,17.5,82.7,per_game-team,2021,32.0,201.6,29.1,68.7,0.424,7.2,20.8,0.346,21.9,47.8,0.458,13.3,16.0,0.83,7.1,25.4,32.5,18.1,7.9,4.2,12.9,17.5,78.7,per_game-opponent,32.0,6450.0,982.0,2146.0,0.458,216.0,635.0,0.34,766.0,1511.0,0.507,467.0,558.0,0.837,233.0,885.0,1118.0,653.0,217.0,131.0,449.0,561.0,2647.0,totals-team,32.0,6450.0,931.0,2197.0,0.424,231.0,667.0,0.346,700.0,1530.0,0.458,426.0,513.0,0.83,226.0,813.0,1039.0,580.0,253.0,134.0,414.0,559.0,2519.0,totals-opponent,32.0,6450.0,38.7,84.5,0.458,8.5,25.0,0.34,30.1,59.5,0.507,18.4,22.0,0.837,9.2,34.8,44.0,25.7,8.5,5.2,17.7,22.1,104.2,per_poss-team,32.0,6450.0,36.6,86.5,0.424,9.1,26.3,0.346,27.6,60.2,0.458,16.8,20.2,0.83,8.9,32.0,40.9,22.8,10.0,5.3,16.3,22.0,99.1,per_poss-opponent,8.0,32.0,6450.0,0.458,12.8,,0.704,0.238,0.226,0.124,0.116,0.296,,0.507,0.654,0.449,0.425,0.406,0.34,,0.597,0.907,,0.143,0.385,shooting-team,8.0,32.0,6450.0,0.424,13.0,,0.696,0.24,0.201,0.126,0.13,0.304,,0.458,0.622,0.383,0.341,0.381,0.346,,0.544,0.861,,0.169,0.451,shooting-opponent,27.6,22,10,21,11,4.00,-0.37,3.63,104.2,99.1,+5.1,78.7,.260,.296,.553,,.508,15.8,22.3,.218,,.476,14.6,79.7,.194,,Target Center,advanced-team
Minnesota Lynx,36.0,201.4,30.2,67.1,0.45,6.8,19.6,0.348,23.4,47.4,0.493,15.2,19.4,0.784,8.9,28.0,36.9,20.6,6.1,2.8,14.6,16.9,82.4,per_game-team,2022,36.0,201.4,30.6,69.7,0.439,8.9,25.3,0.35,21.7,44.4,0.49,13.9,17.6,0.79,7.9,24.6,32.5,21.5,8.2,3.9,11.5,17.9,83.9,per_game-opponent,36.0,7250.0,1087.0,2414.0,0.45,246.0,707.0,0.348,841.0,1707.0,0.493,548.0,699.0,0.784,322.0,1007.0,1329.0,743.0,219.0,102.0,524.0,610.0,2968.0,totals-team,36.0,7250.0,1101.0,2508.0,0.439,319.0,911.0,0.35,782.0,1597.0,0.49,500.0,633.0,0.79,284.0,886.0,1170.0,775.0,296.0,142.0,414.0,643.0,3021.0,totals-opponent,36.0,7250.0,38.3,85.0,0.45,8.7,24.9,0.348,29.6,60.1,0.493,19.3,24.6,0.784,11.3,35.4,46.8,26.1,7.7,3.6,18.4,21.5,104.4,per_poss-team,36.0,7250.0,38.7,88.3,0.439,11.2,32.1,0.35,27.5,56.2,0.49,17.6,22.3,0.79,10.0,31.2,41.2,27.3,10.4,5.0,14.6,22.6,106.3,per_poss-opponent,8.0,36.0,7250.0,0.45,12.9,,0.707,0.234,0.214,0.132,0.128,0.293,,0.493,0.661,0.44,0.373,0.396,0.348,,0.629,0.87,,0.16,0.416,shooting-team,8.0,36.0,7250.0,0.439,14.0,,0.637,0.207,0.196,0.117,0.117,0.363,,0.49,0.668,0.417,0.425,0.362,0.35,,0.614,0.925,,0.206,0.362,shooting-opponent,28.5,14,22,16,20,-1.47,0.29,-1.19,104.4,106.3,-1.9,78.4,.290,.293,.545,,.501,16.1,26.7,.227,,.503,12.9,78.0,.199,,Target Center,advanced-team
Minnesota Lynx,40.0,201.3,29.4,67.5,0.435,6.8,20.8,0.325,22.6,46.7,0.484,14.7,18.4,0.801,8.0,26.3,34.3,19.4,6.4,2.6,13.4,16.9,80.2,per_game-team,2023,40.0,201.3,31.5,70.5,0.446,8.9,24.9,0.357,22.6,45.6,0.495,13.2,16.3,0.811,8.7,26.5,35.2,20.5,7.1,4.3,12.7,17.9,85.0,per_game-opponent,40.0,8050.0,1174.0,2701.0,0.435,270.0,832.0,0.325,904.0,1869.0,0.484,588.0,734.0,0.801,318.0,1052.0,1370.0,776.0,257.0,105.0,536.0,675.0,3206.0,totals-team,40.0,8050.0,1258.0,2820.0,0.446,356.0,996.0,0.357,902.0,1824.0,0.495,527.0,650.0,0.811,347.0,1061.0,1408.0,819.0,285.0,170.0,507.0,715.0,3399.0,totals-opponent,40.0,8050.0,37.1,85.4,0.435,8.5,26.3,0.325,28.6,59.1,0.484,18.6,23.2,0.801,10.1,33.3,43.3,24.5,8.1,3.3,16.9,21.3,101.4,per_poss-team,40.0,8050.0,39.8,89.2,0.446,11.3,31.5,0.357,28.5,57.7,0.495,16.7,20.5,0.811,11.0,33.5,44.5,25.9,9.0,5.4,16.0,22.6,107.5,per_poss-opponent,8.0,40.0,8050.0,0.435,13.1,,0.692,0.216,0.235,0.131,0.11,0.308,,0.484,0.656,0.435,0.371,0.384,0.325,,0.594,0.885,,0.151,0.373,shooting-team,8.0,40.0,8050.0,0.446,13.0,,0.647,0.225,0.218,0.118,0.086,0.353,,0.495,0.688,0.415,0.389,0.335,0.357,,0.564,0.871,,0.191,0.342,shooting-opponent,26.7,19,21,12,28,-4.83,0.32,-4.51,101.4,107.5,-6.1,78.6,.272,.308,.530,,.485,15.1,23.1,.218,,.509,14.0,75.2,.187,,Target Center,advanced-team
New York Liberty,22.0,200.0,24.5,66.0,0.372,7.6,27.4,0.277,17.0,38.6,0.439,15.2,18.5,0.823,8.0,27.8,35.8,14.9,6.3,4.3,16.8,19.1,71.9,per_game-team,2020,22.0,200.0,32.0,72.1,0.444,6.9,20.0,0.344,25.1,52.2,0.482,15.0,18.1,0.829,8.1,28.9,37.0,18.5,9.5,4.7,11.9,18.2,85.9,per_game-opponent,22.0,4400.0,540.0,1451.0,0.372,167.0,602.0,0.277,373.0,849.0,0.439,334.0,406.0,0.823,175.0,612.0,787.0,327.0,139.0,94.0,369.0,420.0,1581.0,totals-team,22.0,4400.0,704.0,1587.0,0.444,151.0,439.0,0.344,553.0,1148.0,0.482,330.0,398.0,0.829,178.0,635.0,813.0,406.0,210.0,104.0,262.0,401.0,1889.0,totals-opponent,22.0,4400.0,30.3,81.4,0.372,9.4,33.8,0.277,20.9,47.6,0.439,18.7,22.8,0.823,9.8,34.3,44.1,18.3,7.8,5.3,20.7,23.5,88.6,per_poss-team,22.0,4400.0,39.5,89.0,0.444,8.5,24.6,0.344,31.0,64.4,0.482,18.5,22.3,0.829,10.0,35.6,45.6,22.8,11.8,5.8,14.7,22.5,105.9,per_poss-opponent,9.0,22.0,4400.0,0.372,14.8,,0.585,0.121,0.305,0.078,0.081,0.415,,0.439,0.669,0.418,0.31,0.305,0.277,,0.499,0.844,,0.113,0.191,shooting-team,9.0,22.0,4400.0,0.444,14.0,,0.723,0.117,0.305,0.138,0.164,0.277,,0.482,0.746,0.469,0.37,0.412,0.344,,0.514,0.815,,0.084,0.405,shooting-opponent,24.3,2,20,2,20,-14.00,1.17,-12.83,88.6,105.9,-17.3,81.1,.280,.415,.485,,.430,18.5,21.6,.230,,.491,12.9,77.5,.208,,IMG Academy,advanced-team
New York Liberty,32.0,200.8,28.3,66.1,0.428,10.0,27.7,0.362,18.2,38.3,0.475,11.9,14.7,0.813,6.2,27.1,33.3,19.2,6.1,3.8,16.2,17.9,78.5,per_game-team,2021,32.0,200.8,31.8,72.6,0.438,7.2,21.5,0.333,24.7,51.1,0.483,14.7,17.8,0.825,8.9,27.7,36.6,19.8,8.0,4.2,12.2,17.2,85.5,per_game-opponent,32.0,6425.0,904.0,2114.0,0.428,321.0,887.0,0.362,583.0,1227.0,0.475,382.0,470.0,0.813,199.0,867.0,1066.0,615.0,195.0,122.0,518.0,572.0,2511.0,totals-team,32.0,6425.0,1018.0,2322.0,0.438,229.0,687.0,0.333,789.0,1635.0,0.483,471.0,571.0,0.825,286.0,885.0,1171.0,635.0,255.0,134.0,390.0,549.0,2736.0,totals-opponent,32.0,6425.0,34.9,81.7,0.428,12.4,34.3,0.362,22.5,47.4,0.475,14.8,18.2,0.813,7.7,33.5,41.2,23.8,7.5,4.7,20.0,22.1,97.0,per_poss-team,32.0,6425.0,39.3,89.7,0.438,8.8,26.5,0.333,30.5,63.2,0.483,18.2,22.1,0.825,11.0,34.2,45.2,24.5,9.9,5.2,15.1,21.2,105.7,per_poss-opponent,9.0,32.0,6425.0,0.428,14.7,,0.58,0.191,0.216,0.078,0.096,0.42,,0.475,0.666,0.399,0.376,0.347,0.362,,0.571,0.879,,0.171,0.441,shooting-team,9.0,32.0,6425.0,0.438,13.0,,0.704,0.223,0.255,0.105,0.121,0.296,,0.483,0.644,0.432,0.357,0.402,0.333,,0.56,0.843,,0.109,0.36,shooting-opponent,25.7,12,20,7,25,-7.03,0.71,-6.32,97.0,105.7,-8.7,80.6,.222,.420,.541,,.504,18.2,18.4,.181,,.488,13.2,75.2,.203,,Barclays Center,advanced-team
New York Liberty,36.0,202.1,28.8,66.8,0.431,9.7,27.6,0.351,19.1,39.1,0.488,12.4,15.0,0.823,7.0,27.3,34.3,20.7,6.1,4.1,14.6,18.2,79.6,per_game-team,2022,36.0,202.1,28.9,69.1,0.418,7.1,21.1,0.336,21.8,48.0,0.454,17.1,20.8,0.822,8.9,26.8,35.7,18.2,7.8,3.2,11.7,16.1,82.0,per_game-opponent,36.0,7275.0,1036.0,2403.0,0.431,349.0,995.0,0.351,687.0,1408.0,0.488,445.0,541.0,0.823,252.0,981.0,1233.0,745.0,219.0,148.0,527.0,656.0,2866.0,totals-team,36.0,7275.0,1040.0,2489.0,0.418,256.0,761.0,0.336,784.0,1728.0,0.454,616.0,749.0,0.822,320.0,965.0,1285.0,654.0,280.0,116.0,420.0,580.0,2952.0,totals-opponent,36.0,7275.0,36.5,84.8,0.431,12.3,35.1,0.351,24.2,49.7,0.488,15.7,19.1,0.823,8.9,34.6,43.5,26.3,7.7,5.2,18.6,23.1,101.1,per_poss-team,36.0,7275.0,36.7,87.8,0.418,9.0,26.8,0.336,27.7,60.9,0.454,21.7,26.4,0.822,11.3,34.0,45.3,23.1,9.9,4.1,14.8,20.5,104.1,per_poss-opponent,9.0,36.0,7275.0,0.431,14.6,,0.586,0.197,0.213,0.099,0.077,0.414,,0.488,0.664,0.4,0.473,0.299,0.351,,0.643,0.868,,0.152,0.384,shooting-team,9.0,36.0,7275.0,0.418,13.0,,0.694,0.248,0.225,0.119,0.103,0.306,,0.454,0.619,0.399,0.318,0.332,0.336,,0.563,0.832,,0.163,0.387,shooting-opponent,26.9,16,20,14,22,-2.39,0.42,-1.97,101.1,104.1,-3.0,77.9,.225,.414,.543,,.504,16.6,20.7,.185,,.469,13.0,75.4,.247,,Barclays Center,advanced-team
New York Liberty,40.0,201.9,32.2,69.9,0.46,11.1,29.7,0.374,21.1,40.3,0.523,13.8,16.7,0.829,8.7,29.2,37.9,24.1,6.7,4.5,13.5,16.0,89.2,per_game-team,2023,40.0,201.9,30.0,70.9,0.424,7.5,21.9,0.341,22.6,49.0,0.461,13.1,16.5,0.791,8.0,25.0,33.0,19.0,6.5,3.5,11.8,17.2,80.6,per_game-opponent,40.0,8075.0,1286.0,2797.0,0.46,444.0,1187.0,0.374,842.0,1610.0,0.523,553.0,667.0,0.829,347.0,1168.0,1515.0,965.0,266.0,178.0,540.0,640.0,3569.0,totals-team,40.0,8075.0,1201.0,2834.0,0.424,298.0,874.0,0.341,903.0,1960.0,0.461,522.0,660.0,0.791,320.0,999.0,1319.0,758.0,259.0,139.0,473.0,687.0,3222.0,totals-opponent,40.0,8075.0,40.3,87.6,0.46,13.9,37.2,0.374,26.4,50.5,0.523,17.3,20.9,0.829,10.9,36.6,47.5,30.2,8.3,5.6,16.9,20.1,111.8,per_poss-team,40.0,8075.0,37.6,88.8,0.424,9.3,27.4,0.341,28.3,61.4,0.461,16.4,20.7,0.791,10.0,31.3,41.3,23.8,8.1,4.4,14.8,21.5,101.0,per_poss-opponent,9.0,40.0,8075.0,0.46,14.5,,0.576,0.225,0.187,0.102,0.062,0.424,,0.523,0.703,0.448,0.375,0.335,0.374,,0.667,0.908,,0.244,0.383,shooting-team,9.0,40.0,8075.0,0.424,13.0,,0.692,0.241,0.227,0.123,0.101,0.308,,0.461,0.607,0.437,0.347,0.304,0.341,,0.554,0.866,,0.162,0.373,shooting-opponent,28.8,32,8,32,8,8.68,-0.53,8.14,111.8,101.0,+10.8,79.0,.238,.424,.577,,.539,14.9,25.8,.198,,.476,13.1,78.5,.184,,Barclays Center,advanced-team
Phoenix Mercury,22.0,201.1,30.2,67.0,0.45,8.4,24.5,0.343,21.8,42.5,0.512,17.4,21.0,0.825,7.5,26.5,34.0,20.4,6.8,5.6,14.0,19.7,86.1,per_game-team,2020,22.0,201.1,30.1,70.9,0.425,7.3,21.3,0.344,22.8,49.6,0.46,16.5,20.5,0.807,9.7,26.3,36.0,18.3,7.8,3.0,13.3,20.1,84.1,per_game-opponent,22.0,4425.0,664.0,1475.0,0.45,185.0,540.0,0.343,479.0,935.0,0.512,382.0,463.0,0.825,165.0,582.0,747.0,448.0,149.0,123.0,307.0,434.0,1895.0,totals-team,22.0,4425.0,663.0,1559.0,0.425,161.0,468.0,0.344,502.0,1091.0,0.46,364.0,451.0,0.807,214.0,578.0,792.0,402.0,172.0,67.0,292.0,442.0,1851.0,totals-opponent,22.0,4425.0,37.4,83.1,0.45,10.4,30.4,0.343,27.0,52.7,0.512,21.5,26.1,0.825,9.3,32.8,42.1,25.3,8.4,6.9,17.3,24.5,106.8,per_poss-team,22.0,4425.0,37.4,87.9,0.425,9.1,26.4,0.344,28.3,61.5,0.46,20.5,25.4,0.807,12.1,32.6,44.6,22.7,9.7,3.8,16.5,24.9,104.3,per_poss-opponent,10.0,22.0,4425.0,0.45,14.5,,0.634,0.113,0.308,0.089,0.124,0.366,,0.512,0.707,0.504,0.466,0.388,0.343,,0.647,0.746,,0.104,0.357,shooting-team,10.0,22.0,4425.0,0.425,13.0,,0.7,0.123,0.33,0.121,0.126,0.3,,0.46,0.698,0.455,0.298,0.396,0.344,,0.52,0.876,,0.103,0.313,shooting-opponent,28.0,13,9,13,9,2.00,-0.17,1.83,106.8,104.3,+2.5,80.2,.314,.366,.564,,.513,15.5,22.2,.259,,.477,14.2,73.1,.233,,IMG Academy,advanced-team
Phoenix Mercury,32.0,201.6,29.5,65.7,0.45,7.5,21.8,0.346,22.0,43.9,0.501,15.5,19.4,0.798,8.0,28.2,36.2,19.7,4.8,5.2,12.8,16.3,82.1,per_game-team,2021,32.0,201.6,30.2,72.3,0.417,7.1,22.0,0.322,23.1,50.3,0.459,12.1,14.9,0.813,9.4,25.5,34.9,17.1,6.8,3.4,10.1,18.2,79.5,per_game-opponent,32.0,6450.0,945.0,2102.0,0.45,241.0,697.0,0.346,704.0,1405.0,0.501,495.0,620.0,0.798,255.0,903.0,1158.0,629.0,152.0,167.0,409.0,521.0,2626.0,totals-team,32.0,6450.0,965.0,2313.0,0.417,227.0,705.0,0.322,738.0,1608.0,0.459,387.0,476.0,0.813,300.0,816.0,1116.0,546.0,219.0,108.0,322.0,583.0,2544.0,totals-opponent,32.0,6450.0,38.3,85.3,0.45,9.8,28.3,0.346,28.6,57.0,0.501,20.1,25.2,0.798,10.3,36.6,47.0,25.5,6.2,6.8,16.6,21.1,106.5,per_poss-team,32.0,6450.0,39.1,93.8,0.417,9.2,28.6,0.322,29.9,65.2,0.459,15.7,19.3,0.813,12.2,33.1,45.3,22.2,8.9,4.4,13.1,23.7,103.2,per_poss-opponent,10.0,32.0,6450.0,0.45,13.1,,0.668,0.224,0.258,0.084,0.102,0.332,,0.501,0.619,0.484,0.384,0.381,0.346,,0.621,0.797,,0.195,0.368,shooting-team,10.0,32.0,6450.0,0.417,14.0,,0.695,0.196,0.236,0.126,0.137,0.305,,0.459,0.581,0.439,0.363,0.407,0.322,,0.488,0.819,,0.094,0.318,shooting-opponent,28.4,19,13,19,13,2.56,-0.12,2.45,106.5,103.2,+3.3,76.4,.295,.332,.553,,.507,14.7,23.8,.235,,.466,11.3,75.1,.167,,Phoenix Suns Arena,advanced-team
Phoenix Mercury,36.0,202.1,28.6,66.5,0.429,8.8,26.7,0.329,19.8,39.8,0.497,15.2,18.6,0.817,6.8,24.3,31.2,19.2,7.4,4.5,13.3,19.8,81.1,per_game-team,2022,36.0,202.1,30.3,68.7,0.441,8.3,22.8,0.366,21.9,45.9,0.478,15.2,19.4,0.785,9.7,27.5,37.2,20.6,6.4,3.2,14.2,18.4,84.1,per_game-opponent,36.0,7275.0,1028.0,2395.0,0.429,316.0,961.0,0.329,712.0,1434.0,0.497,548.0,671.0,0.817,246.0,876.0,1122.0,692.0,267.0,162.0,480.0,714.0,2920.0,totals-team,36.0,7275.0,1090.0,2473.0,0.441,300.0,820.0,0.366,790.0,1653.0,0.478,548.0,698.0,0.785,350.0,989.0,1339.0,742.0,232.0,114.0,511.0,661.0,3028.0,totals-opponent,36.0,7275.0,36.1,84.1,0.429,11.1,33.8,0.329,25.0,50.4,0.497,19.3,23.6,0.817,8.6,30.8,39.4,24.3,9.4,5.7,16.9,25.1,102.6,per_poss-team,36.0,7275.0,38.3,86.9,0.441,10.5,28.8,0.366,27.8,58.1,0.478,19.3,24.5,0.785,12.3,34.7,47.0,26.1,8.2,4.0,18.0,23.2,106.4,per_poss-opponent,10.0,36.0,7275.0,0.429,14.1,,0.599,0.228,0.21,0.086,0.075,0.401,,0.497,0.648,0.433,0.383,0.341,0.329,,0.586,0.87,,0.19,0.322,shooting-team,10.0,36.0,7275.0,0.441,13.0,,0.668,0.257,0.211,0.112,0.089,0.332,,0.478,0.64,0.385,0.399,0.329,0.366,,0.616,0.85,,0.166,0.404,shooting-opponent,29.9,15,21,14,22,-3.00,0.04,-2.97,102.6,106.4,-3.8,78.2,.280,.401,.543,,.495,15.1,19.9,.229,,.501,15.5,71.5,.222,,Footprint Center,advanced-team
Phoenix Mercury,40.0,200.6,28.4,63.9,0.444,6.8,20.7,0.328,21.6,43.3,0.5,13.0,16.2,0.803,6.6,24.3,30.9,19.1,5.7,4.2,14.8,18.8,76.6,per_game-team,2023,40.0,200.6,30.8,68.7,0.448,7.9,21.3,0.37,22.9,47.4,0.484,15.4,19.1,0.807,9.0,24.9,33.9,20.1,7.7,3.9,12.0,17.4,84.9,per_game-opponent,40.0,8025.0,1136.0,2557.0,0.444,271.0,827.0,0.328,865.0,1730.0,0.5,521.0,649.0,0.803,264.0,970.0,1234.0,762.0,228.0,169.0,590.0,753.0,3064.0,totals-team,40.0,8025.0,1232.0,2747.0,0.448,315.0,851.0,0.37,917.0,1896.0,0.484,617.0,765.0,0.807,358.0,997.0,1355.0,802.0,307.0,156.0,478.0,695.0,3396.0,totals-opponent,40.0,8025.0,36.8,82.7,0.444,8.8,26.8,0.328,28.0,56.0,0.5,16.9,21.0,0.803,8.5,31.4,39.9,24.7,7.4,5.5,19.1,24.4,99.1,per_poss-team,40.0,8025.0,39.9,88.9,0.448,10.2,27.5,0.37,29.7,61.3,0.484,20.0,24.7,0.807,11.6,32.3,43.8,25.9,9.9,5.0,15.5,22.5,109.9,per_poss-opponent,10.0,40.0,8025.0,0.444,13.5,,0.677,0.189,0.26,0.14,0.088,0.323,,0.5,0.683,0.449,0.437,0.357,0.328,,0.601,0.893,,0.212,0.349,shooting-team,10.0,40.0,8025.0,0.448,14.0,,0.69,0.209,0.241,0.119,0.121,0.31,,0.484,0.654,0.427,0.399,0.386,0.37,,0.585,0.844,,0.163,0.468,shooting-opponent,27.8,9,31,8,32,-8.30,0.55,-7.75,99.1,109.9,-10.8,77.0,.254,.323,.539,,.497,17.2,20.9,.204,,.506,13.4,73.0,.225,,Footprint Center,advanced-team
Seattle Storm,22.0,200.0,31.9,67.8,0.47,8.4,21.4,0.394,23.5,46.4,0.505,15.4,18.9,0.817,7.6,26.8,34.4,21.9,10.0,4.0,13.2,16.5,87.5,per_game-team,2020,22.0,200.0,27.5,68.5,0.401,7.2,23.6,0.306,20.2,44.9,0.45,13.9,16.8,0.827,9.4,24.9,34.3,17.9,7.4,2.9,15.2,16.5,76.0,per_game-opponent,22.0,4400.0,701.0,1491.0,0.47,185.0,470.0,0.394,516.0,1021.0,0.505,339.0,415.0,0.817,167.0,590.0,757.0,482.0,221.0,89.0,291.0,364.0,1926.0,totals-team,22.0,4400.0,604.0,1507.0,0.401,159.0,519.0,0.306,445.0,988.0,0.45,305.0,369.0,0.827,207.0,548.0,755.0,393.0,162.0,63.0,334.0,362.0,1672.0,totals-opponent,22.0,4400.0,40.2,85.5,0.47,10.6,26.9,0.394,29.6,58.5,0.505,19.4,23.8,0.817,9.6,33.8,43.4,27.6,12.7,5.1,16.7,20.9,110.4,per_poss-team,22.0,4400.0,34.6,86.4,0.401,9.1,29.8,0.306,25.5,56.6,0.45,17.5,21.2,0.827,11.9,31.4,43.3,22.5,9.3,3.6,19.2,20.8,95.9,per_poss-opponent,11.0,22.0,4400.0,0.47,13.2,,0.685,0.144,0.329,0.092,0.119,0.315,,0.505,0.744,0.475,0.394,0.388,0.394,,0.61,0.903,,0.136,0.531,shooting-team,11.0,22.0,4400.0,0.401,14.0,,0.656,0.115,0.3,0.119,0.121,0.344,,0.45,0.73,0.436,0.311,0.357,0.306,,0.571,0.874,,0.137,0.352,shooting-opponent,27.8,18,4,19,3,11.55,-0.96,10.58,110.4,95.9,+14.5,79.2,.278,.315,.575,,.532,14.8,23.4,.227,,.454,16.7,74.0,.202,,IMG Academy,advanced-team
Seattle Storm,32.0,203.9,31.0,68.9,0.45,8.6,22.6,0.38,22.4,46.3,0.484,14.2,16.9,0.839,7.2,28.4,35.6,21.3,7.5,4.2,12.3,15.5,84.8,per_game-team,2021,32.0,203.9,30.3,70.2,0.431,7.2,21.1,0.34,23.1,49.1,0.471,12.6,15.5,0.815,7.8,27.2,34.9,19.4,6.5,3.6,12.9,17.1,80.4,per_game-opponent,32.0,6525.0,992.0,2204.0,0.45,275.0,724.0,0.38,717.0,1480.0,0.484,455.0,542.0,0.839,230.0,910.0,1140.0,681.0,241.0,135.0,394.0,497.0,2714.0,totals-team,32.0,6525.0,969.0,2246.0,0.431,230.0,676.0,0.34,739.0,1570.0,0.471,404.0,496.0,0.815,248.0,869.0,1117.0,622.0,208.0,116.0,413.0,548.0,2572.0,totals-opponent,32.0,6525.0,38.8,86.3,0.45,10.8,28.3,0.38,28.1,57.9,0.484,17.8,21.2,0.839,9.0,35.6,44.6,26.7,9.4,5.3,15.4,19.5,106.3,per_poss-team,32.0,6525.0,37.9,87.9,0.431,9.0,26.5,0.34,28.9,61.5,0.471,15.8,19.4,0.815,9.7,34.0,43.7,24.4,8.1,4.5,16.2,21.5,100.7,per_poss-opponent,11.0,32.0,6525.0,0.45,14.5,,0.672,0.19,0.235,0.12,0.126,0.328,,0.484,0.668,0.442,0.37,0.396,0.38,,0.608,0.891,,0.14,0.386,shooting-team,11.0,32.0,6525.0,0.431,14.0,,0.699,0.206,0.242,0.111,0.14,0.301,,0.471,0.658,0.42,0.344,0.384,0.34,,0.572,0.865,,0.124,0.393,shooting-opponent,28.1,21,11,22,10,4.44,-0.63,3.80,106.3,100.7,+5.6,78.2,.246,.328,.556,,.512,13.9,20.9,.206,,.483,14.4,78.6,.180,,Angels of the Winds Arena,advanced-team
Seattle Storm,36.0,200.7,30.4,68.8,0.442,9.3,25.6,0.361,21.2,43.2,0.49,12.4,15.1,0.825,7.8,25.8,33.6,22.6,8.3,4.2,12.8,15.6,82.5,per_game-team,2022,36.0,200.7,29.8,68.7,0.434,7.0,21.8,0.32,22.8,46.9,0.487,11.8,15.0,0.788,8.6,27.9,36.5,20.8,7.2,2.9,14.4,16.1,78.4,per_game-opponent,36.0,7225.0,1095.0,2478.0,0.442,333.0,922.0,0.361,762.0,1556.0,0.49,447.0,542.0,0.825,280.0,928.0,1208.0,813.0,298.0,151.0,459.0,560.0,2970.0,totals-team,36.0,7225.0,1073.0,2472.0,0.434,251.0,784.0,0.32,822.0,1688.0,0.487,425.0,539.0,0.788,310.0,1005.0,1315.0,747.0,259.0,105.0,518.0,578.0,2822.0,totals-opponent,36.0,7225.0,38.7,87.5,0.442,11.8,32.6,0.361,26.9,55.0,0.49,15.8,19.1,0.825,9.9,32.8,42.7,28.7,10.5,5.3,16.2,19.8,104.9,per_poss-team,36.0,7225.0,37.9,87.3,0.434,8.9,27.7,0.32,29.0,59.6,0.487,15.0,19.0,0.788,10.9,35.5,46.4,26.4,9.1,3.7,18.3,20.4,99.7,per_poss-opponent,11.0,36.0,7225.0,0.442,14.6,,0.628,0.184,0.2,0.125,0.119,0.372,,0.49,0.711,0.438,0.394,0.336,0.361,,0.68,0.886,,0.18,0.355,shooting-team,11.0,36.0,7225.0,0.434,13.0,,0.683,0.206,0.251,0.123,0.103,0.317,,0.487,0.698,0.426,0.378,0.343,0.32,,0.634,0.9,,0.172,0.341,shooting-opponent,29.7,22,14,24,12,4.11,-0.20,3.91,104.9,99.7,+5.2,78.3,.219,.372,.547,,.509,14.5,21.8,.180,,.485,16.1,75.0,.172,,Climate Pledge Arena,advanced-team
Seattle Storm,40.0,200.6,27.9,67.9,0.41,8.5,24.2,0.352,19.4,43.8,0.442,14.6,18.6,0.786,8.2,26.7,34.9,17.7,7.0,4.5,14.5,17.9,78.8,per_game-team,2023,40.0,200.6,31.0,69.1,0.448,7.6,21.4,0.353,23.4,47.7,0.491,15.0,18.3,0.822,8.2,27.8,36.0,21.0,8.5,4.0,12.9,17.6,84.5,per_game-opponent,40.0,8025.0,1114.0,2717.0,0.41,340.0,967.0,0.352,774.0,1750.0,0.442,585.0,744.0,0.786,329.0,1067.0,1396.0,706.0,279.0,178.0,579.0,717.0,3153.0,totals-team,40.0,8025.0,1238.0,2763.0,0.448,302.0,855.0,0.353,936.0,1908.0,0.491,600.0,730.0,0.822,327.0,1111.0,1438.0,839.0,340.0,161.0,514.0,703.0,3378.0,totals-opponent,40.0,8025.0,34.9,85.1,0.41,10.6,30.3,0.352,24.2,54.8,0.442,18.3,23.3,0.786,10.3,33.4,43.7,22.1,8.7,5.6,18.1,22.4,98.7,per_poss-team,40.0,8025.0,38.8,86.5,0.448,9.5,26.8,0.353,29.3,59.7,0.491,18.8,22.9,0.822,10.2,34.8,45.0,26.3,10.6,5.0,16.1,22.0,105.8,per_poss-opponent,11.0,40.0,8025.0,0.41,13.9,,0.644,0.195,0.243,0.108,0.098,0.356,,0.442,0.658,0.381,0.32,0.3,0.352,,0.559,0.803,,0.159,0.403,shooting-team,11.0,40.0,8025.0,0.448,13.0,,0.691,0.232,0.265,0.102,0.092,0.309,,0.491,0.657,0.418,0.431,0.346,0.353,,0.614,0.874,,0.201,0.378,shooting-opponent,26.5,11,29,11,29,-5.63,0.55,-5.07,98.7,105.8,-7.1,79.6,.274,.356,.518,,.473,16.0,22.8,.215,,.503,14.3,76.5,.217,,Climate Pledge Arena,advanced-team
Team,,,,,,,,,,,,,,,,,,,,,,,,,2021,,,,,,,,,,,,,,,,,,,,,,,,,,,,,,,,,,,,,,,,,,,,,,,,,,,,,,,,,,,,,,,,,,,,,,,,,,,,,,,,,,,,,,,,,,,,,,,,,,,,,,,,,,,,,,,,,,,,,,,,,,,,,,,,,,,,,,,,,,,,,,,,,,,,,,,,,,,,,,,,,,,,,,,,,,,,,Age,W,L,PW,PL,MOV,SOS,SRS,ORtg,DRtg,NRtg,Pace,FTr,3PAr,TS%,,eFG%,TOV%,ORB%,FT/FGA,,eFG%,TOV%,DRB%,FT/FGA,,Arena,advanced-team
Team,,,,,,,,,,,,,,,,,,,,,,,,,2022,,,,,,,,,,,,,,,,,,,,,,,,,,,,,,,,,,,,,,,,,,,,,,,,,,,,,,,,,,,,,,,,,,,,,,,,,,,,,,,,,,,,,,,,,,,,,,,,,,,,,,,,,,,,,,,,,,,,,,,,,,,,,,,,,,,,,,,,,,,,,,,,,,,,,,,,,,,,,,,,,,,,,,,,,,,,,Age,W,L,PW,PL,MOV,SOS,SRS,ORtg,DRtg,NRtg,Pace,FTr,3PAr,TS%,,eFG%,TOV%,ORB%,FT/FGA,,eFG%,TOV%,DRB%,FT/FGA,,Arena,advanced-team
Team,,,,,,,,,,,,,,,,,,,,,,,,,2023,,,,,,,,,,,,,,,,,,,,,,,,,,,,,,,,,,,,,,,,,,,,,,,,,,,,,,,,,,,,,,,,,,,,,,,,,,,,,,,,,,,,,,,,,,,,,,,,,,,,,,,,,,,,,,,,,,,,,,,,,,,,,,,,,,,,,,,,,,,,,,,,,,,,,,,,,,,,,,,,,,,,,,,,,,,,,Age,W,L,PW,PL,MOV,SOS,SRS,ORtg,DRtg,NRtg,Pace,FTr,3PAr,TS%,,eFG%,TOV%,ORB%,FT/FGA,,eFG%,TOV%,DRB%,FT/FGA,,Arena,advanced-team
Washington Mystics,22.0,202.3,29.6,68.5,0.433,8.3,24.4,0.341,21.3,44.1,0.483,12.4,15.0,0.825,7.3,24.1,31.5,19.7,7.9,2.1,12.1,17.0,80.0,per_game-team,2020,22.0,202.3,30.0,64.5,0.465,7.6,20.7,0.368,22.3,43.7,0.51,14.0,17.6,0.796,7.6,27.1,34.7,17.8,6.3,2.8,14.1,16.7,81.5,per_game-opponent,22.0,4450.0,652.0,1507.0,0.433,183.0,536.0,0.341,469.0,971.0,0.483,273.0,331.0,0.825,161.0,531.0,692.0,434.0,174.0,47.0,266.0,373.0,1760.0,totals-team,22.0,4450.0,659.0,1418.0,0.465,168.0,456.0,0.368,491.0,962.0,0.51,308.0,387.0,0.796,167.0,597.0,764.0,392.0,138.0,62.0,311.0,368.0,1794.0,totals-opponent,22.0,4450.0,38.3,88.6,0.433,10.8,31.5,0.341,27.6,57.1,0.483,16.1,19.5,0.825,9.5,31.2,40.7,25.5,10.2,2.8,15.6,21.9,103.5,per_poss-team,22.0,4450.0,38.8,83.4,0.465,9.9,26.8,0.368,28.9,56.6,0.51,18.1,22.8,0.796,9.8,35.1,44.9,23.1,8.1,3.6,18.3,21.6,105.5,per_poss-opponent,12.0,22.0,4450.0,0.433,14.7,,0.644,0.102,0.295,0.121,0.126,0.356,,0.483,0.695,0.49,0.357,0.416,0.341,,0.58,0.885,,0.121,0.369,shooting-team,12.0,22.0,4450.0,0.465,14.0,,0.678,0.107,0.312,0.13,0.13,0.322,,0.51,0.789,0.5,0.416,0.395,0.368,,0.509,0.845,,0.105,0.333,shooting-opponent,27.1,9,13,10,12,-1.55,0.13,-1.42,103.5,105.5,-2.0,76.4,.220,.356,.532,,.493,13.9,21.2,.181,,.524,16.4,76.1,.217,,IMG Academy,advanced-team
Washington Mystics,32.0,200.8,28.4,69.2,0.41,9.0,27.4,0.328,19.4,41.8,0.464,14.0,17.4,0.808,8.1,25.2,33.3,18.6,6.9,3.1,12.3,17.2,79.8,per_game-team,2021,32.0,200.8,31.0,67.1,0.463,7.6,20.3,0.376,23.4,46.8,0.5,13.9,17.4,0.802,7.8,29.0,36.8,19.3,7.0,3.6,13.5,17.4,83.6,per_game-opponent,32.0,6425.0,908.0,2215.0,0.41,288.0,878.0,0.328,620.0,1337.0,0.464,449.0,556.0,0.808,260.0,805.0,1065.0,596.0,221.0,99.0,392.0,551.0,2553.0,totals-team,32.0,6425.0,993.0,2146.0,0.463,244.0,649.0,0.376,749.0,1497.0,0.5,446.0,556.0,0.802,248.0,928.0,1176.0,618.0,225.0,115.0,431.0,557.0,2676.0,totals-opponent,32.0,6425.0,36.1,88.0,0.41,11.4,34.9,0.328,24.6,53.1,0.464,17.8,22.1,0.808,10.3,32.0,42.3,23.7,8.8,3.9,15.6,21.9,101.5,per_poss-team,32.0,6425.0,39.5,85.3,0.463,9.7,25.8,0.376,29.8,59.5,0.5,17.7,22.1,0.802,9.9,36.9,46.7,24.6,8.9,4.6,17.1,22.1,106.4,per_poss-opponent,12.0,32.0,6425.0,0.41,15.0,,0.604,0.127,0.258,0.13,0.088,0.396,,0.464,0.688,0.456,0.344,0.338,0.328,,0.552,0.882,,0.157,0.37,shooting-team,12.0,32.0,6425.0,0.463,14.0,,0.698,0.178,0.258,0.133,0.13,0.302,,0.5,0.711,0.506,0.365,0.338,0.376,,0.549,0.848,,0.159,0.417,shooting-opponent,28.7,12,20,11,21,-3.84,0.26,-3.58,101.5,106.4,-4.9,78.3,.251,.396,.519,,.475,13.7,21.9,.203,,.520,15.3,76.4,.208,,St. Elizabeths East Arena,advanced-team
Washington Mystics,36.0,202.1,29.3,66.8,0.439,7.6,22.5,0.338,21.7,44.2,0.491,14.0,17.9,0.784,8.0,26.9,34.9,20.3,7.6,3.7,12.8,15.9,80.2,per_game-team,2022,36.0,202.1,28.0,65.1,0.43,7.3,21.4,0.338,20.7,43.7,0.475,12.7,16.4,0.773,6.7,26.4,33.1,18.3,7.5,3.6,13.9,17.4,75.9,per_game-opponent,36.0,7275.0,1055.0,2403.0,0.439,274.0,811.0,0.338,781.0,1592.0,0.491,504.0,643.0,0.784,289.0,969.0,1258.0,729.0,273.0,134.0,461.0,572.0,2888.0,totals-team,36.0,7275.0,1007.0,2344.0,0.43,261.0,772.0,0.338,746.0,1572.0,0.475,456.0,590.0,0.773,240.0,951.0,1191.0,659.0,269.0,130.0,502.0,628.0,2731.0,totals-opponent,36.0,7275.0,37.8,86.1,0.439,9.8,29.1,0.338,28.0,57.0,0.491,18.1,23.0,0.784,10.4,34.7,45.1,26.1,9.8,4.8,16.5,20.5,103.5,per_poss-team,36.0,7275.0,36.1,84.0,0.43,9.3,27.7,0.338,26.7,56.3,0.475,16.3,21.1,0.773,8.6,34.1,42.7,23.6,9.6,4.7,18.0,22.5,97.8,per_poss-opponent,12.0,36.0,7275.0,0.439,13.6,,0.663,0.182,0.268,0.12,0.093,0.337,,0.491,0.719,0.417,0.394,0.381,0.338,,0.617,0.901,,0.176,0.378,shooting-team,12.0,36.0,7275.0,0.43,14.0,,0.671,0.158,0.238,0.144,0.131,0.329,,0.475,0.662,0.457,0.435,0.324,0.338,,0.58,0.866,,0.171,0.364,shooting-opponent,28.0,22,14,25,11,4.36,-0.55,3.82,103.5,97.8,+5.7,76.7,.268,.337,.538,,.496,14.6,23.3,.210,,.485,16.2,80.1,.195,,Entertainment and Sports Arena,advanced-team
Washington Mystics,40.0,200.6,28.9,67.5,0.428,7.8,23.1,0.336,21.2,44.4,0.476,15.0,18.2,0.823,6.6,25.7,32.3,19.2,7.7,3.2,12.2,18.6,80.5,per_game-team,2023,40.0,200.6,28.7,65.7,0.436,7.9,23.0,0.345,20.7,42.7,0.485,15.7,19.7,0.796,7.3,28.7,35.9,19.6,6.7,2.9,14.5,18.0,80.9,per_game-opponent,40.0,8025.0,1156.0,2699.0,0.428,310.0,923.0,0.336,846.0,1776.0,0.476,599.0,728.0,0.823,263.0,1028.0,1291.0,768.0,309.0,129.0,489.0,743.0,3221.0,totals-team,40.0,8025.0,1146.0,2628.0,0.436,317.0,920.0,0.345,829.0,1708.0,0.485,626.0,786.0,0.796,290.0,1146.0,1436.0,783.0,269.0,117.0,580.0,719.0,3235.0,totals-opponent,40.0,8025.0,36.4,85.1,0.428,9.8,29.1,0.336,26.7,56.0,0.476,18.9,22.9,0.823,8.3,32.4,40.7,24.2,9.7,4.1,15.4,23.4,101.5,per_poss-team,40.0,8025.0,36.1,82.8,0.436,10.0,29.0,0.345,26.1,53.8,0.485,19.7,24.8,0.796,9.1,36.1,45.3,24.7,8.5,3.7,18.3,22.7,102.0,per_poss-opponent,12.0,40.0,8025.0,0.428,14.0,,0.658,0.177,0.242,0.129,0.11,0.342,,0.476,0.675,0.425,0.421,0.336,0.336,,0.561,0.945,,0.18,0.398,shooting-team,12.0,40.0,8025.0,0.436,14.0,,0.65,0.173,0.253,0.129,0.095,0.35,,0.485,0.709,0.452,0.342,0.361,0.345,,0.608,0.88,,0.19,0.44,shooting-opponent,28.8,19,21,19,21,-0.35,0.03,-0.32,101.5,102.0,-0.5,79.1,.270,.342,.533,,.486,13.9,18.7,.222,,.496,16.3,78.0,.238,,Entertainment and Sports Arena,advanced-team
